Workbook

Sheet Norms & Assumptions
A1: PINE FELLING PRODUCTION PLAN – NORMS & ASSUMPTIONS
A2: Nkomati Mine, Mpumalanga, South Africa | Equipment: Stihl MS 382 | Mon–Fri 07:00–15:30
A4: SECTION 1 – PROJECT SCHEDULE & STAFFING
A5: Parameter | B5: Value | C5: Unit | D5: Notes
A6: Project Start Date | B6: 46111 | C6: date | D6: First working day on site
A7: Phase 2 Start (4 operators) | B7: 46120 | C7: date | D7: 2 additional operators join
A8: Operators – Phase 1 (30 Mar – 07 Apr) | B8: 2 | C8: operators | D8: 2 chainsaw operators
A9: Operators – Phase 2 (08 Apr onwards) | B9: 4 | C9: operators | D9: 4 chainsaw operators total
A10: Shift start | B10: 07:00 | C10: hh:mm | D10: 07:00 daily
A11: Shift end | B11: 15:30 | C11: hh:mm | D11: 15:30 daily
A12: Working hours per shift | B12: 8.5 | C12: hrs | D12: 07:00–15:30 gross
A13: Effective cutting hours | B13: 6.5 | C13: hrs | D13: Excl. travel, fueling, sharpening, breaks
A14: Working days | B14: Mon–Fri | D14: Excluding SA public holidays
A16: SECTION 2 – 2026 SA PUBLIC HOLIDAYS (Days NOT worked)
A17: Date | B17: Holiday | C17: Day | D17: Impact on Schedule
A18: 46023 | B18: New Year's Day | C18: Thursday | D18: Before project start
A19: 46102 | B19: Human Rights Day | C19: Saturday | D19: Before project start
A20: 46115 | B20: Good Friday | C20: Friday | D20: ⚠ Project day lost – no production
A21: 46118 | B21: Family Day (Easter Monday) | C21: Monday | D21: ⚠ Project day lost – no production
A22: 46139 | B22: Freedom Day | C22: Monday | D22: ⚠ Project day lost – no production
A23: 46143 | B23: Workers' Day | C23: Friday | D23: ⚠ Project day lost – no production
A24: 46189 | B24: Youth Day | C24: Tuesday | D24: ⚠ Project day lost – no production
A25: 46243 | B25: National Women's Day | C25: Sunday | D25: ⚠ Project day lost – no production
A26: 46289 | B26: Heritage Day | C26: Thursday | D26: ⚠ Project day lost – no production
A27: 46372 | B27: Day of Reconciliation | C27: Wednesday | D27: ⚠ Project day lost – no production
A28: 46381 | B28: Christmas Day | C28: Friday | D28: ⚠ Project day lost – no production
A29: 46382 | B29: Day of Goodwill | C29: Saturday | D29: ⚠ Project day lost – no production
A31: SECTION 3 – SA CHAINSAW FELLING NORMS (Stihl MS 382)
A32: Parameter | B32: Value | C32: Unit | D32: Source / Notes
A33: Trees felled per operator per day | B33: 150 | C33: trees/day | D33: SA Forestry norm – clear-fell pine, flat-moderate terrain
A34: Avg tree volume – mature pine >15yr | B34: 0.35 | C34: m³/tree | D34: FSA guideline, Mpumalanga pine 25–35cm DBH
A35: Avg tree volume – young pine <15yr | B35: 0.18 | C35: m³/tree | D35: FSA guideline, smaller diameter stands
A36: Target m³ per operator per day | B36: 52.5 | C36: m³/day | D36: 150 trees x 0.35 m3 (mature pine)
A37: Average trees per hectare | B37: 800 | C37: trees/ha | D37: Plantation norm; adjust per compartment
A38: Terrain adjustment – hilly/sloped | B38: 0.85 | C38: factor | D38: 15% reduction for difficult terrain
A41: SECTION 4 – CONSUMABLES NORMS (per operator per day, Stihl MS 382)
A42: Parameter | B42: Value | C42: Unit | D42: Notes
A43: 2-stroke fuel mix (50:1) | B43: 2.5 | C43: litres/day | D43: Petrol + 2T oil mixed 50:1
A44: Bar & chain oil | B44: 1.2 | C44: litres/day | D44: Automatic oiler consumption
A45: Saw chains (replacements) | B45: 0.5 | C45: chains/day | D45: ~1 chain per 2 days hard cutting
A46: Cutting guide bar (wear) | B46: 0.05 | C46: bars/day | D46: Replace approx every 20 working days
A47: PPE – gloves (pairs) | B47: 0.2 | C47: pairs/day | D47: Replace every 5 days
A48: File (chain sharpening 4mm) | B48: 0.2 | C48: files/day | D48: 4mm round file for MS 382
A49: Spark plugs | B49: 0.05 | C49: plugs/day | D49: Replace every 20 days
A50: Air filter | B50: 0.033 | C50: filters/day | D50: Replace every 30 days
A52: COLOUR LEGEND
A53: Blue cells | D53: User input cells – enter your data here
A54: Grey cells | D54: Calculated formula cells – do not edit
A55: Orange cells | D55: SA Public Holiday – no production day
A56: Light green | D56: Phase 2 rows (4 operators from 08 Apr)

Sheet Project Schedule
A1: PROJECT SCHEDULE – DAY-BY-DAY PRODUCTION CALENDAR
A2: Start: 30 Mar 2026 | Phase 1: 2 operators | Phase 2 from 08 Apr: 4 operators | Mon–Fri 07:00–15:30 | SA Holidays excluded
A3: PHASE 1 (30 Mar – 07 Apr 2026) – 2 Operators | G3: PHASE 2 (08 Apr 2026 onwards) – 4 Operators
A4: Day | B4: Date | C4: Day of Week | D4: Status | E4: Operators Working | F4: Target Trees/Day | G4: Target m³/Day | H4: Actual Trees | I4: Actual m³ | J4: Tree Variance | K4: m³ Variance | L4: Achievement % | M4: Notes
A5: 1 | B5: 46111 | C5: Monday | D5: Phase 1 – Working Day 1 | E5: 2 | F5: ='Norms & Assumptions'!B33*E5 -> 300 | G5: ='Norms & Assumptions'!B35*E5 -> 0.36 | J5: =IF(H5="","",H5-F5) | K5: =IF(I5="","",I5-G5) | L5: =IF(OR(H5="",F5=0),"",H5/F5)
A6: 2 | B6: 46112 | C6: Tuesday | D6: Phase 1 – Working Day 2 | E6: 2 | F6: ='Norms & Assumptions'!B33*E6 -> 300 | G6: ='Norms & Assumptions'!B35*E6 -> 0.36 | J6: =IF(H6="","",H6-F6) | K6: =IF(I6="","",I6-G6) | L6: =IF(OR(H6="",F6=0),"",H6/F6)
A7: 3 | B7: 46113 | C7: Wednesday | D7: Phase 1 – Working Day 3 | E7: 2 | F7: ='Norms & Assumptions'!B33*E7 -> 300 | G7: ='Norms & Assumptions'!B35*E7 -> 0.36 | J7: =IF(H7="","",H7-F7) | K7: =IF(I7="","",I7-G7) | L7: =IF(OR(H7="",F7=0),"",H7/F7)
A8: 4 | B8: 46114 | C8: Thursday | D8: Phase 1 – Working Day 4 | E8: 2 | F8: ='Norms & Assumptions'!B33*E8 -> 300 | G8: ='Norms & Assumptions'!B35*E8 -> 0.36 | J8: =IF(H8="","",H8-F8) | K8: =IF(I8="","",I8-G8) | L8: =IF(OR(H8="",F8=0),"",H8/F8)
B9: 46115 | C9: Friday | D9: 🏖 Good Friday | E9: 0 | F9: 0 | G9: 0
B10: 46116 | C10: Saturday | D10: Weekend | E10: 0 | F10: 0 | G10: 0
B11: 46117 | C11: Sunday | D11: Weekend | E11: 0 | F11: 0 | G11: 0
B12: 46118 | C12: Monday | D12: 🏖 Family Day (Easter Monday) | E12: 0 | F12: 0 | G12: 0
A13: 5 | B13: 46119 | C13: Tuesday | D13: Phase 1 – Working Day 5 | E13: 2 | F13: ='Norms & Assumptions'!B33*E13 -> 300 | G13: ='Norms & Assumptions'!B35*E13 -> 0.36 | J13: =IF(H13="","",H13-F13) | K13: =IF(I13="","",I13-G13) | L13: =IF(OR(H13="",F13=0),"",H13/F13)
A14: 6 | B14: 46120 | C14: Wednesday | D14: Phase 2 – Working Day 6 | E14: 4 | F14: ='Norms & Assumptions'!B33*E14 -> 600 | G14: ='Norms & Assumptions'!B35*E14 -> 0.72 | J14: =IF(H14="","",H14-F14) | K14: =IF(I14="","",I14-G14) | L14: =IF(OR(H14="",F14=0),"",H14/F14)
A15: 7 | B15: 46121 | C15: Thursday | D15: Phase 2 – Working Day 7 | E15: 4 | F15: ='Norms & Assumptions'!B33*E15 -> 600 | G15: ='Norms & Assumptions'!B35*E15 -> 0.72 | J15: =IF(H15="","",H15-F15) | K15: =IF(I15="","",I15-G15) | L15: =IF(OR(H15="",F15=0),"",H15/F15)
A16: 8 | B16: 46122 | C16: Friday | D16: Phase 2 – Working Day 8 | E16: 4 | F16: ='Norms & Assumptions'!B33*E16 -> 600 | G16: ='Norms & Assumptions'!B35*E16 -> 0.72 | J16: =IF(H16="","",H16-F16) | K16: =IF(I16="","",I16-G16) | L16: =IF(OR(H16="",F16=0),"",H16/F16)
B17: 46123 | C17: Saturday | D17: Weekend | E17: 0 | F17: 0 | G17: 0
B18: 46124 | C18: Sunday | D18: Weekend | E18: 0 | F18: 0 | G18: 0
A19: 9 | B19: 46125 | C19: Monday | D19: Phase 2 – Working Day 9 | E19: 4 | F19: ='Norms & Assumptions'!B33*E19 -> 600 | G19: ='Norms & Assumptions'!B35*E19 -> 0.72 | J19: =IF(H19="","",H19-F19) | K19: =IF(I19="","",I19-G19) | L19: =IF(OR(H19="",F19=0),"",H19/F19)
A20: 10 | B20: 46126 | C20: Tuesday | D20: Phase 2 – Working Day 10 | E20: 4 | F20: ='Norms & Assumptions'!B33*E20 -> 600 | G20: ='Norms & Assumptions'!B35*E20 -> 0.72 | J20: =IF(H20="","",H20-F20) | K20: =IF(I20="","",I20-G20) | L20: =IF(OR(H20="",F20=0),"",H20/F20)
A21: 11 | B21: 46127 | C21: Wednesday | D21: Phase 2 – Working Day 11 | E21: 4 | F21: ='Norms & Assumptions'!B33*E21 -> 600 | G21: ='Norms & Assumptions'!B35*E21 -> 0.72 | J21: =IF(H21="","",H21-F21) | K21: =IF(I21="","",I21-G21) | L21: =IF(OR(H21="",F21=0),"",H21/F21)
A22: 12 | B22: 46128 | C22: Thursday | D22: Phase 2 – Working Day 12 | E22: 4 | F22: ='Norms & Assumptions'!B33*E22 -> 600 | G22: ='Norms & Assumptions'!B35*E22 -> 0.72 | J22: =IF(H22="","",H22-F22) | K22: =IF(I22="","",I22-G22) | L22: =IF(OR(H22="",F22=0),"",H22/F22)
A23: 13 | B23: 46129 | C23: Friday | D23: Phase 2 – Working Day 13 | E23: 4 | F23: ='Norms & Assumptions'!B33*E23 -> 600 | G23: ='Norms & Assumptions'!B35*E23 -> 0.72 | J23: =IF(H23="","",H23-F23) | K23: =IF(I23="","",I23-G23) | L23: =IF(OR(H23="",F23=0),"",H23/F23)
B24: 46130 | C24: Saturday | D24: Weekend | E24: 0 | F24: 0 | G24: 0
B25: 46131 | C25: Sunday | D25: Weekend | E25: 0 | F25: 0 | G25: 0
A26: 14 | B26: 46132 | C26: Monday | D26: Phase 2 – Working Day 14 | E26: 4 | F26: ='Norms & Assumptions'!B33*E26 -> 600 | G26: ='Norms & Assumptions'!B35*E26 -> 0.72 | J26: =IF(H26="","",H26-F26) | K26: =IF(I26="","",I26-G26) | L26: =IF(OR(H26="",F26=0),"",H26/F26)
A27: 15 | B27: 46133 | C27: Tuesday | D27: Phase 2 – Working Day 15 | E27: 4 | F27: ='Norms & Assumptions'!B33*E27 -> 600 | G27: ='Norms & Assumptions'!B35*E27 -> 0.72 | J27: =IF(H27="","",H27-F27) | K27: =IF(I27="","",I27-G27) | L27: =IF(OR(H27="",F27=0),"",H27/F27)
A28: 16 | B28: 46134 | C28: Wednesday | D28: Phase 2 – Working Day 16 | E28: 4 | F28: ='Norms & Assumptions'!B33*E28 -> 600 | G28: ='Norms & Assumptions'!B35*E28 -> 0.72 | J28: =IF(H28="","",H28-F28) | K28: =IF(I28="","",I28-G28) | L28: =IF(OR(H28="",F28=0),"",H28/F28)
A29: 17 | B29: 46135 | C29: Thursday | D29: Phase 2 – Working Day 17 | E29: 4 | F29: ='Norms & Assumptions'!B33*E29 -> 600 | G29: ='Norms & Assumptions'!B35*E29 -> 0.72 | J29: =IF(H29="","",H29-F29) | K29: =IF(I29="","",I29-G29) | L29: =IF(OR(H29="",F29=0),"",H29/F29)
A30: 18 | B30: 46136 | C30: Friday | D30: Phase 2 – Working Day 18 | E30: 4 | F30: ='Norms & Assumptions'!B33*E30 -> 600 | G30: ='Norms & Assumptions'!B35*E30 -> 0.72 | J30: =IF(H30="","",H30-F30) | K30: =IF(I30="","",I30-G30) | L30: =IF(OR(H30="",F30=0),"",H30/F30)
B31: 46137 | C31: Saturday | D31: Weekend | E31: 0 | F31: 0 | G31: 0
B32: 46138 | C32: Sunday | D32: Weekend | E32: 0 | F32: 0 | G32: 0
B33: 46139 | C33: Monday | D33: 🏖 Freedom Day | E33: 0 | F33: 0 | G33: 0
A34: 19 | B34: 46140 | C34: Tuesday | D34: Phase 2 – Working Day 19 | E34: 4 | F34: ='Norms & Assumptions'!B33*E34 -> 600 | G34: ='Norms & Assumptions'!B35*E34 -> 0.72 | J34: =IF(H34="","",H34-F34) | K34: =IF(I34="","",I34-G34) | L34: =IF(OR(H34="",F34=0),"",H34/F34)
A35: 20 | B35: 46141 | C35: Wednesday | D35: Phase 2 – Working Day 20 | E35: 4 | F35: ='Norms & Assumptions'!B33*E35 -> 600 | G35: ='Norms & Assumptions'!B35*E35 -> 0.72 | J35: =IF(H35="","",H35-F35) | K35: =IF(I35="","",I35-G35) | L35: =IF(OR(H35="",F35=0),"",H35/F35)
A36: 21 | B36: 46142 | C36: Thursday | D36: Phase 2 – Working Day 21 | E36: 4 | F36: ='Norms & Assumptions'!B33*E36 -> 600 | G36: ='Norms & Assumptions'!B35*E36 -> 0.72 | J36: =IF(H36="","",H36-F36) | K36: =IF(I36="","",I36-G36) | L36: =IF(OR(H36="",F36=0),"",H36/F36)
B37: 46143 | C37: Friday | D37: 🏖 Workers' Day | E37: 0 | F37: 0 | G37: 0
B38: 46144 | C38: Saturday | D38: Weekend | E38: 0 | F38: 0 | G38: 0
B39: 46145 | C39: Sunday | D39: Weekend | E39: 0 | F39: 0 | G39: 0
A40: 22 | B40: 46146 | C40: Monday | D40: Phase 2 – Working Day 22 | E40: 4 | F40: ='Norms & Assumptions'!B33*E40 -> 600 | G40: ='Norms & Assumptions'!B35*E40 -> 0.72 | J40: =IF(H40="","",H40-F40) | K40: =IF(I40="","",I40-G40) | L40: =IF(OR(H40="",F40=0),"",H40/F40)
A41: 23 | B41: 46147 | C41: Tuesday | D41: Phase 2 – Working Day 23 | E41: 4 | F41: ='Norms & Assumptions'!B33*E41 -> 600 | G41: ='Norms & Assumptions'!B35*E41 -> 0.72 | J41: =IF(H41="","",H41-F41) | K41: =IF(I41="","",I41-G41) | L41: =IF(OR(H41="",F41=0),"",H41/F41)
A42: 24 | B42: 46148 | C42: Wednesday | D42: Phase 2 – Working Day 24 | E42: 4 | F42: ='Norms & Assumptions'!B33*E42 -> 600 | G42: ='Norms & Assumptions'!B35*E42 -> 0.72 | J42: =IF(H42="","",H42-F42) | K42: =IF(I42="","",I42-G42) | L42: =IF(OR(H42="",F42=0),"",H42/F42)
A43: 25 | B43: 46149 | C43: Thursday | D43: Phase 2 – Working Day 25 | E43: 4 | F43: ='Norms & Assumptions'!B33*E43 -> 600 | G43: ='Norms & Assumptions'!B35*E43 -> 0.72 | J43: =IF(H43="","",H43-F43) | K43: =IF(I43="","",I43-G43) | L43: =IF(OR(H43="",F43=0),"",H43/F43)
A44: 26 | B44: 46150 | C44: Friday | D44: Phase 2 – Working Day 26 | E44: 4 | F44: ='Norms & Assumptions'!B33*E44 -> 600 | G44: ='Norms & Assumptions'!B35*E44 -> 0.72 | J44: =IF(H44="","",H44-F44) | K44: =IF(I44="","",I44-G44) | L44: =IF(OR(H44="",F44=0),"",H44/F44)
B45: 46151 | C45: Saturday | D45: Weekend | E45: 0 | F45: 0 | G45: 0
B46: 46152 | C46: Sunday | D46: Weekend | E46: 0 | F46: 0 | G46: 0
A47: 27 | B47: 46153 | C47: Monday | D47: Phase 2 – Working Day 27 | E47: 4 | F47: ='Norms & Assumptions'!B33*E47 -> 600 | G47: ='Norms & Assumptions'!B35*E47 -> 0.72 | J47: =IF(H47="","",H47-F47) | K47: =IF(I47="","",I47-G47) | L47: =IF(OR(H47="",F47=0),"",H47/F47)
A48: 28 | B48: 46154 | C48: Tuesday | D48: Phase 2 – Working Day 28 | E48: 4 | F48: ='Norms & Assumptions'!B33*E48 -> 600 | G48: ='Norms & Assumptions'!B35*E48 -> 0.72 | J48: =IF(H48="","",H48-F48) | K48: =IF(I48="","",I48-G48) | L48: =IF(OR(H48="",F48=0),"",H48/F48)
A49: 29 | B49: 46155 | C49: Wednesday | D49: Phase 2 – Working Day 29 | E49: 4 | F49: ='Norms & Assumptions'!B33*E49 -> 600 | G49: ='Norms & Assumptions'!B35*E49 -> 0.72 | J49: =IF(H49="","",H49-F49) | K49: =IF(I49="","",I49-G49) | L49: =IF(OR(H49="",F49=0),"",H49/F49)
A50: 30 | B50: 46156 | C50: Thursday | D50: Phase 2 – Working Day 30 | E50: 4 | F50: ='Norms & Assumptions'!B33*E50 -> 600 | G50: ='Norms & Assumptions'!B35*E50 -> 0.72 | J50: =IF(H50="","",H50-F50) | K50: =IF(I50="","",I50-G50) | L50: =IF(OR(H50="",F50=0),"",H50/F50)
A51: 31 | B51: 46157 | C51: Friday | D51: Phase 2 – Working Day 31 | E51: 4 | F51: ='Norms & Assumptions'!B33*E51 -> 600 | G51: ='Norms & Assumptions'!B35*E51 -> 0.72 | J51: =IF(H51="","",H51-F51) | K51: =IF(I51="","",I51-G51) | L51: =IF(OR(H51="",F51=0),"",H51/F51)
B52: 46158 | C52: Saturday | D52: Weekend | E52: 0 | F52: 0 | G52: 0
B53: 46159 | C53: Sunday | D53: Weekend | E53: 0 | F53: 0 | G53: 0
A54: 32 | B54: 46160 | C54: Monday | D54: Phase 2 – Working Day 32 | E54: 4 | F54: ='Norms & Assumptions'!B33*E54 -> 600 | G54: ='Norms & Assumptions'!B35*E54 -> 0.72 | J54: =IF(H54="","",H54-F54) | K54: =IF(I54="","",I54-G54) | L54: =IF(OR(H54="",F54=0),"",H54/F54)
A55: 33 | B55: 46161 | C55: Tuesday | D55: Phase 2 – Working Day 33 | E55: 4 | F55: ='Norms & Assumptions'!B33*E55 -> 600 | G55: ='Norms & Assumptions'!B35*E55 -> 0.72 | J55: =IF(H55="","",H55-F55) | K55: =IF(I55="","",I55-G55) | L55: =IF(OR(H55="",F55=0),"",H55/F55)
A56: 34 | B56: 46162 | C56: Wednesday | D56: Phase 2 – Working Day 34 | E56: 4 | F56: ='Norms & Assumptions'!B33*E56 -> 600 | G56: ='Norms & Assumptions'!B35*E56 -> 0.72 | J56: =IF(H56="","",H56-F56) | K56: =IF(I56="","",I56-G56) | L56: =IF(OR(H56="",F56=0),"",H56/F56)
A57: 35 | B57: 46163 | C57: Thursday | D57: Phase 2 – Working Day 35 | E57: 4 | F57: ='Norms & Assumptions'!B33*E57 -> 600 | G57: ='Norms & Assumptions'!B35*E57 -> 0.72 | J57: =IF(H57="","",H57-F57) | K57: =IF(I57="","",I57-G57) | L57: =IF(OR(H57="",F57=0),"",H57/F57)
A58: 36 | B58: 46164 | C58: Friday | D58: Phase 2 – Working Day 36 | E58: 4 | F58: ='Norms & Assumptions'!B33*E58 -> 600 | G58: ='Norms & Assumptions'!B35*E58 -> 0.72 | J58: =IF(H58="","",H58-F58) | K58: =IF(I58="","",I58-G58) | L58: =IF(OR(H58="",F58=0),"",H58/F58)
B59: 46165 | C59: Saturday | D59: Weekend | E59: 0 | F59: 0 | G59: 0
B60: 46166 | C60: Sunday | D60: Weekend | E60: 0 | F60: 0 | G60: 0
A61: 37 | B61: 46167 | C61: Monday | D61: Phase 2 – Working Day 37 | E61: 4 | F61: ='Norms & Assumptions'!B33*E61 -> 600 | G61: ='Norms & Assumptions'!B35*E61 -> 0.72 | J61: =IF(H61="","",H61-F61) | K61: =IF(I61="","",I61-G61) | L61: =IF(OR(H61="",F61=0),"",H61/F61)
A62: 38 | B62: 46168 | C62: Tuesday | D62: Phase 2 – Working Day 38 | E62: 4 | F62: ='Norms & Assumptions'!B33*E62 -> 600 | G62: ='Norms & Assumptions'!B35*E62 -> 0.72 | J62: =IF(H62="","",H62-F62) | K62: =IF(I62="","",I62-G62) | L62: =IF(OR(H62="",F62=0),"",H62/F62)
A63: 39 | B63: 46169 | C63: Wednesday | D63: Phase 2 – Working Day 39 | E63: 4 | F63: ='Norms & Assumptions'!B33*E63 -> 600 | G63: ='Norms & Assumptions'!B35*E63 -> 0.72 | J63: =IF(H63="","",H63-F63) | K63: =IF(I63="","",I63-G63) | L63: =IF(OR(H63="",F63=0),"",H63/F63)
A64: 40 | B64: 46170 | C64: Thursday | D64: Phase 2 – Working Day 40 | E64: 4 | F64: ='Norms & Assumptions'!B33*E64 -> 600 | G64: ='Norms & Assumptions'!B35*E64 -> 0.72 | J64: =IF(H64="","",H64-F64) | K64: =IF(I64="","",I64-G64) | L64: =IF(OR(H64="",F64=0),"",H64/F64)
A65: 41 | B65: 46171 | C65: Friday | D65: Phase 2 – Working Day 41 | E65: 4 | F65: ='Norms & Assumptions'!B33*E65 -> 600 | G65: ='Norms & Assumptions'!B35*E65 -> 0.72 | J65: =IF(H65="","",H65-F65) | K65: =IF(I65="","",I65-G65) | L65: =IF(OR(H65="",F65=0),"",H65/F65)
B66: 46172 | C66: Saturday | D66: Weekend | E66: 0 | F66: 0 | G66: 0
B67: 46173 | C67: Sunday | D67: Weekend | E67: 0 | F67: 0 | G67: 0
A68: 42 | B68: 46174 | C68: Monday | D68: Phase 2 – Working Day 42 | E68: 4 | F68: ='Norms & Assumptions'!B33*E68 -> 600 | G68: ='Norms & Assumptions'!B35*E68 -> 0.72 | J68: =IF(H68="","",H68-F68) | K68: =IF(I68="","",I68-G68) | L68: =IF(OR(H68="",F68=0),"",H68/F68)
A69: 43 | B69: 46175 | C69: Tuesday | D69: Phase 2 – Working Day 43 | E69: 4 | F69: ='Norms & Assumptions'!B33*E69 -> 600 | G69: ='Norms & Assumptions'!B35*E69 -> 0.72 | J69: =IF(H69="","",H69-F69) | K69: =IF(I69="","",I69-G69) | L69: =IF(OR(H69="",F69=0),"",H69/F69)
A70: 44 | B70: 46176 | C70: Wednesday | D70: Phase 2 – Working Day 44 | E70: 4 | F70: ='Norms & Assumptions'!B33*E70 -> 600 | G70: ='Norms & Assumptions'!B35*E70 -> 0.72 | J70: =IF(H70="","",H70-F70) | K70: =IF(I70="","",I70-G70) | L70: =IF(OR(H70="",F70=0),"",H70/F70)
A71: 45 | B71: 46177 | C71: Thursday | D71: Phase 2 – Working Day 45 | E71: 4 | F71: ='Norms & Assumptions'!B33*E71 -> 600 | G71: ='Norms & Assumptions'!B35*E71 -> 0.72 | J71: =IF(H71="","",H71-F71) | K71: =IF(I71="","",I71-G71) | L71: =IF(OR(H71="",F71=0),"",H71/F71)
A72: 46 | B72: 46178 | C72: Friday | D72: Phase 2 – Working Day 46 | E72: 4 | F72: ='Norms & Assumptions'!B33*E72 -> 600 | G72: ='Norms & Assumptions'!B35*E72 -> 0.72 | J72: =IF(H72="","",H72-F72) | K72: =IF(I72="","",I72-G72) | L72: =IF(OR(H72="",F72=0),"",H72/F72)
B73: 46179 | C73: Saturday | D73: Weekend | E73: 0 | F73: 0 | G73: 0
B74: 46180 | C74: Sunday | D74: Weekend | E74: 0 | F74: 0 | G74: 0
A75: 47 | B75: 46181 | C75: Monday | D75: Phase 2 – Working Day 47 | E75: 4 | F75: ='Norms & Assumptions'!B33*E75 -> 600 | G75: ='Norms & Assumptions'!B35*E75 -> 0.72 | J75: =IF(H75="","",H75-F75) | K75: =IF(I75="","",I75-G75) | L75: =IF(OR(H75="",F75=0),"",H75/F75)
A76: 48 | B76: 46182 | C76: Tuesday | D76: Phase 2 – Working Day 48 | E76: 4 | F76: ='Norms & Assumptions'!B33*E76 -> 600 | G76: ='Norms & Assumptions'!B35*E76 -> 0.72 | J76: =IF(H76="","",H76-F76) | K76: =IF(I76="","",I76-G76) | L76: =IF(OR(H76="",F76=0),"",H76/F76)
A77: 49 | B77: 46183 | C77: Wednesday | D77: Phase 2 – Working Day 49 | E77: 4 | F77: ='Norms & Assumptions'!B33*E77 -> 600 | G77: ='Norms & Assumptions'!B35*E77 -> 0.72 | J77: =IF(H77="","",H77-F77) | K77: =IF(I77="","",I77-G77) | L77: =IF(OR(H77="",F77=0),"",H77/F77)
A78: 50 | B78: 46184 | C78: Thursday | D78: Phase 2 – Working Day 50 | E78: 4 | F78: ='Norms & Assumptions'!B33*E78 -> 600 | G78: ='Norms & Assumptions'!B35*E78 -> 0.72 | J78: =IF(H78="","",H78-F78) | K78: =IF(I78="","",I78-G78) | L78: =IF(OR(H78="",F78=0),"",H78/F78)
A79: 51 | B79: 46185 | C79: Friday | D79: Phase 2 – Working Day 51 | E79: 4 | F79: ='Norms & Assumptions'!B33*E79 -> 600 | G79: ='Norms & Assumptions'!B35*E79 -> 0.72 | J79: =IF(H79="","",H79-F79) | K79: =IF(I79="","",I79-G79) | L79: =IF(OR(H79="",F79=0),"",H79/F79)
B80: 46186 | C80: Saturday | D80: Weekend | E80: 0 | F80: 0 | G80: 0
B81: 46187 | C81: Sunday | D81: Weekend | E81: 0 | F81: 0 | G81: 0
A82: 52 | B82: 46188 | C82: Monday | D82: Phase 2 – Working Day 52 | E82: 4 | F82: ='Norms & Assumptions'!B33*E82 -> 600 | G82: ='Norms & Assumptions'!B35*E82 -> 0.72 | J82: =IF(H82="","",H82-F82) | K82: =IF(I82="","",I82-G82) | L82: =IF(OR(H82="",F82=0),"",H82/F82)
B83: 46189 | C83: Tuesday | D83: 🏖 Youth Day | E83: 0 | F83: 0 | G83: 0
A84: 53 | B84: 46190 | C84: Wednesday | D84: Phase 2 – Working Day 53 | E84: 4 | F84: ='Norms & Assumptions'!B33*E84 -> 600 | G84: ='Norms & Assumptions'!B35*E84 -> 0.72 | J84: =IF(H84="","",H84-F84) | K84: =IF(I84="","",I84-G84) | L84: =IF(OR(H84="",F84=0),"",H84/F84)
A85: 54 | B85: 46191 | C85: Thursday | D85: Phase 2 – Working Day 54 | E85: 4 | F85: ='Norms & Assumptions'!B33*E85 -> 600 | G85: ='Norms & Assumptions'!B35*E85 -> 0.72 | J85: =IF(H85="","",H85-F85) | K85: =IF(I85="","",I85-G85) | L85: =IF(OR(H85="",F85=0),"",H85/F85)
A86: 55 | B86: 46192 | C86: Friday | D86: Phase 2 – Working Day 55 | E86: 4 | F86: ='Norms & Assumptions'!B33*E86 -> 600 | G86: ='Norms & Assumptions'!B35*E86 -> 0.72 | J86: =IF(H86="","",H86-F86) | K86: =IF(I86="","",I86-G86) | L86: =IF(OR(H86="",F86=0),"",H86/F86)
B87: 46193 | C87: Saturday | D87: Weekend | E87: 0 | F87: 0 | G87: 0
B88: 46194 | C88: Sunday | D88: Weekend | E88: 0 | F88: 0 | G88: 0
A89: 56 | B89: 46195 | C89: Monday | D89: Phase 2 – Working Day 56 | E89: 4 | F89: ='Norms & Assumptions'!B33*E89 -> 600 | G89: ='Norms & Assumptions'!B35*E89 -> 0.72 | J89: =IF(H89="","",H89-F89) | K89: =IF(I89="","",I89-G89) | L89: =IF(OR(H89="",F89=0),"",H89/F89)
A90: 57 | B90: 46196 | C90: Tuesday | D90: Phase 2 – Working Day 57 | E90: 4 | F90: ='Norms & Assumptions'!B33*E90 -> 600 | G90: ='Norms & Assumptions'!B35*E90 -> 0.72 | J90: =IF(H90="","",H90-F90) | K90: =IF(I90="","",I90-G90) | L90: =IF(OR(H90="",F90=0),"",H90/F90)
A91: 58 | B91: 46197 | C91: Wednesday | D91: Phase 2 – Working Day 58 | E91: 4 | F91: ='Norms & Assumptions'!B33*E91 -> 600 | G91: ='Norms & Assumptions'!B35*E91 -> 0.72 | J91: =IF(H91="","",H91-F91) | K91: =IF(I91="","",I91-G91) | L91: =IF(OR(H91="",F91=0),"",H91/F91)
A92: 59 | B92: 46198 | C92: Thursday | D92: Phase 2 – Working Day 59 | E92: 4 | F92: ='Norms & Assumptions'!B33*E92 -> 600 | G92: ='Norms & Assumptions'!B35*E92 -> 0.72 | J92: =IF(H92="","",H92-F92) | K92: =IF(I92="","",I92-G92) | L92: =IF(OR(H92="",F92=0),"",H92/F92)
A93: 60 | B93: 46199 | C93: Friday | D93: Phase 2 – Working Day 60 | E93: 4 | F93: ='Norms & Assumptions'!B33*E93 -> 600 | G93: ='Norms & Assumptions'!B35*E93 -> 0.72 | J93: =IF(H93="","",H93-F93) | K93: =IF(I93="","",I93-G93) | L93: =IF(OR(H93="",F93=0),"",H93/F93)
B94: 46200 | C94: Saturday | D94: Weekend | E94: 0 | F94: 0 | G94: 0
B95: 46201 | C95: Sunday | D95: Weekend | E95: 0 | F95: 0 | G95: 0
A96: 61 | B96: 46202 | C96: Monday | D96: Phase 2 – Working Day 61 | E96: 4 | F96: ='Norms & Assumptions'!B33*E96 -> 600 | G96: ='Norms & Assumptions'!B35*E96 -> 0.72 | J96: =IF(H96="","",H96-F96) | K96: =IF(I96="","",I96-G96) | L96: =IF(OR(H96="",F96=0),"",H96/F96)
A97: 62 | B97: 46203 | C97: Tuesday | D97: Phase 2 – Working Day 62 | E97: 4 | F97: ='Norms & Assumptions'!B33*E97 -> 600 | G97: ='Norms & Assumptions'!B35*E97 -> 0.72 | J97: =IF(H97="","",H97-F97) | K97: =IF(I97="","",I97-G97) | L97: =IF(OR(H97="",F97=0),"",H97/F97)
A98: 63 | B98: 46204 | C98: Wednesday | D98: Phase 2 – Working Day 63 | E98: 4 | F98: ='Norms & Assumptions'!B33*E98 -> 600 | G98: ='Norms & Assumptions'!B35*E98 -> 0.72 | J98: =IF(H98="","",H98-F98) | K98: =IF(I98="","",I98-G98) | L98: =IF(OR(H98="",F98=0),"",H98/F98)
A99: 64 | B99: 46205 | C99: Thursday | D99: Phase 2 – Working Day 64 | E99: 4 | F99: ='Norms & Assumptions'!B33*E99 -> 600 | G99: ='Norms & Assumptions'!B35*E99 -> 0.72 | J99: =IF(H99="","",H99-F99) | K99: =IF(I99="","",I99-G99) | L99: =IF(OR(H99="",F99=0),"",H99/F99)
A100: 65 | B100: 46206 | C100: Friday | D100: Phase 2 – Working Day 65 | E100: 4 | F100: ='Norms & Assumptions'!B33*E100 -> 600 | G100: ='Norms & Assumptions'!B35*E100 -> 0.72 | J100: =IF(H100="","",H100-F100) | K100: =IF(I100="","",I100-G100) | L100: =IF(OR(H100="",F100=0),"",H100/F100)
...

Sheet Compartment Targets
A1: COMPARTMENT PRODUCTION TARGETS – PINE CLEAR FELLING
A2: Nkomati Mine, Mpumalanga | Start: 30 Mar 2026 | All targets per SA Forestry Norms
A4: COMPARTMENT | C4: VOLUME & TREE ESTIMATES | G4: PHASE 1 (2 operators) | J4: PHASE 2 (4 operators from 08 Apr)
A5: # | B5: Compartment / Block | C5: Area (ha) | D5: Trees/ha | E5: Est. Trees | F5: Est. Vol (m³) | G5: Ph1 Target Days | H5: Ph1 Target End Date | I5: Ph1 Trees /Op/Day | J5: Ph2 Target Days | K5: Ph2 Target End Date | L5: Ph2 Trees /Op/Day
A6: 1 | B6: A | D6: 800 | E6: =IF(C6="","",C6*D6) | F6: =IF(E6="","",E6*'Norms & Assumptions'!B34) | G6: =IF(E6="","",ROUNDUP(E6/(2*'Norms & Assumptions'!B33),0)) | I6: ='Norms & Assumptions'!B33 -> 150 | J6: =IF(E6="","",ROUNDUP(E6/(4*'Norms & Assumptions'!B33),0)) | L6: ='Norms & Assumptions'!B33 -> 150
A7: 2 | B7: B | D7: 800 | E7: =IF(C7="","",C7*D7) | F7: =IF(E7="","",E7*'Norms & Assumptions'!B34) | G7: =IF(E7="","",ROUNDUP(E7/(2*'Norms & Assumptions'!B33),0)) | I7: ='Norms & Assumptions'!B33 -> 150 | J7: =IF(E7="","",ROUNDUP(E7/(4*'Norms & Assumptions'!B33),0)) | L7: ='Norms & Assumptions'!B33 -> 150
A8: 3 | B8: C | D8: 800 | E8: =IF(C8="","",C8*D8) | F8: =IF(E8="","",E8*'Norms & Assumptions'!B34) | G8: =IF(E8="","",ROUNDUP(E8/(2*'Norms & Assumptions'!B33),0)) | I8: ='Norms & Assumptions'!B33 -> 150 | J8: =IF(E8="","",ROUNDUP(E8/(4*'Norms & Assumptions'!B33),0)) | L8: ='Norms & Assumptions'!B33 -> 150
A9: 4 | B9: D | D9: 800 | E9: =IF(C9="","",C9*D9) | F9: =IF(E9="","",E9*'Norms & Assumptions'!B34) | G9: =IF(E9="","",ROUNDUP(E9/(2*'Norms & Assumptions'!B33),0)) | I9: ='Norms & Assumptions'!B33 -> 150 | J9: =IF(E9="","",ROUNDUP(E9/(4*'Norms & Assumptions'!B33),0)) | L9: ='Norms & Assumptions'!B33 -> 150
A10: 5 | B10: Block 12.68ha | C10: 12.68 | D10: 800 | E10: =IF(C10="","",C10*D10) -> 10144 | F10: =IF(E10="","",E10*'Norms & Assumptions'!B34) -> 3550.4 | G10: =IF(E10="","",ROUNDUP(E10/(2*'Norms & Assumptions'!B33),0)) -> 34 | I10: ='Norms & Assumptions'!B33 -> 150 | J10: =IF(E10="","",ROUNDUP(E10/(4*'Norms & Assumptions'!B33),0)) -> 17 | L10: ='Norms & Assumptions'!B33 -> 150
A11: 6 | B11: Block 3.97ha | C11: 3.97 | D11: 800 | E11: =IF(C11="","",C11*D11) -> 3176 | F11: =IF(E11="","",E11*'Norms & Assumptions'!B34) -> 1111.6 | G11: =IF(E11="","",ROUNDUP(E11/(2*'Norms & Assumptions'!B33),0)) -> 11 | I11: ='Norms & Assumptions'!B33 -> 150 | J11: =IF(E11="","",ROUNDUP(E11/(4*'Norms & Assumptions'!B33),0)) -> 6 | L11: ='Norms & Assumptions'!B33 -> 150
A12: 7 | B12: Block 2.40ha | C12: 2.4 | D12: 800 | E12: =IF(C12="","",C12*D12) -> 1920 | F12: =IF(E12="","",E12*'Norms & Assumptions'!B34) -> 672 | G12: =IF(E12="","",ROUNDUP(E12/(2*'Norms & Assumptions'!B33),0)) -> 7 | I12: ='Norms & Assumptions'!B33 -> 150 | J12: =IF(E12="","",ROUNDUP(E12/(4*'Norms & Assumptions'!B33),0)) -> 4 | L12: ='Norms & Assumptions'!B33 -> 150
A13: 8 | B13: Block 0.863ha | C13: 0.863 | D13: 800 | E13: =IF(C13="","",C13*D13) -> 690.4 | F13: =IF(E13="","",E13*'Norms & Assumptions'!B34) -> 241.64 | G13: =IF(E13="","",ROUNDUP(E13/(2*'Norms & Assumptions'!B33),0)) -> 3 | I13: ='Norms & Assumptions'!B33 -> 150 | J13: =IF(E13="","",ROUNDUP(E13/(4*'Norms & Assumptions'!B33),0)) -> 2 | L13: ='Norms & Assumptions'!B33 -> 150
A14: 9 | B14: Block 2.503ha | C14: 2.503 | D14: 800 | E14: =IF(C14="","",C14*D14) -> 2002.4 | F14: =IF(E14="","",E14*'Norms & Assumptions'!B34) -> 700.84 | G14: =IF(E14="","",ROUNDUP(E14/(2*'Norms & Assumptions'!B33),0)) -> 7 | I14: ='Norms & Assumptions'!B33 -> 150 | J14: =IF(E14="","",ROUNDUP(E14/(4*'Norms & Assumptions'!B33),0)) -> 4 | L14: ='Norms & Assumptions'!B33 -> 150
A15: 10 | B15: Block 0.317ha | C15: 0.317 | D15: 800 | E15: =IF(C15="","",C15*D15) -> 253.6 | F15: =IF(E15="","",E15*'Norms & Assumptions'!B34) -> 88.76 | G15: =IF(E15="","",ROUNDUP(E15/(2*'Norms & Assumptions'!B33),0)) -> 1 | I15: ='Norms & Assumptions'!B33 -> 150 | J15: =IF(E15="","",ROUNDUP(E15/(4*'Norms & Assumptions'!B33),0)) -> 1 | L15: ='Norms & Assumptions'!B33 -> 150
A16: 11 | B16: Block 5ha (est) | C16: 5 | D16: 800 | E16: =IF(C16="","",C16*D16) -> 4000 | F16: =IF(E16="","",E16*'Norms & Assumptions'!B34) -> 1400 | G16: =IF(E16="","",ROUNDUP(E16/(2*'Norms & Assumptions'!B33),0)) -> 14 | I16: ='Norms & Assumptions'!B33 -> 150 | J16: =IF(E16="","",ROUNDUP(E16/(4*'Norms & Assumptions'!B33),0)) -> 7 | L16: ='Norms & Assumptions'!B33 -> 150
A17: 12 | B17: 42.9ha – Outside fence | C17: 42.9 | D17: 800 | E17: =IF(C17="","",C17*D17) -> 34320 | F17: =IF(E17="","",E17*'Norms & Assumptions'!B34) -> 12012 | G17: =IF(E17="","",ROUNDUP(E17/(2*'Norms & Assumptions'!B33),0)) -> 115 | I17: ='Norms & Assumptions'!B33 -> 150 | J17: =IF(E17="","",ROUNDUP(E17/(4*'Norms & Assumptions'!B33),0)) -> 58 | L17: ='Norms & Assumptions'!B33 -> 150
A18: 13 | B18: 14.9ha – Outside fence | C18: 14.9 | D18: 800 | E18: =IF(C18="","",C18*D18) -> 11920 | F18: =IF(E18="","",E18*'Norms & Assumptions'!B34) -> 4172 | G18: =IF(E18="","",ROUNDUP(E18/(2*'Norms & Assumptions'!B33),0)) -> 40 | I18: ='Norms & Assumptions'!B33 -> 150 | J18: =IF(E18="","",ROUNDUP(E18/(4*'Norms & Assumptions'!B33),0)) -> 20 | L18: ='Norms & Assumptions'!B33 -> 150
A19: TOTALS | C19: =SUMIF(C6:C18,">0") -> 85.533 | E19: =SUMIF(E6:E18,">0") -> 68426.4 | F19: =SUMIF(F6:F18,">0") -> 23949.24
A21: ⚠ Compartments A, B, C, D: Enter exact hectares in blue cells (Col C). Trees/ha (Col D) can be adjusted per stand inventory. Phase 1 = 2 operators (30 Mar–07 Apr) | Phase 2 = 4 operators (08 Apr+)

Sheet Operator Daily Log
A1: OPERATOR DAILY LOG – INDIVIDUAL PERFORMANCE TRACKER
A2: One row per operator per day | Blue cells = enter actual values
A4: # | B4: Date | C4: Operator Name | D4: Compartment | E4: Chainsaw Serial # | F4: Target Trees/Day | G4: Actual Trees | H4: Target m³/Day | I4: Actual m³ | J4: Tree Var | K4: m³ Var | L4: Achievement % | M4: Notes / Issues
A5: 1 | F5: ='Norms & Assumptions'!B33 -> 150 | H5: ='Norms & Assumptions'!B35 -> 0.18 | J5: =IF(G5="","",G5-F5) | K5: =IF(I5="","",I5-H5) | L5: =IF(OR(G5="",F5=0),"",G5/F5)
A6: 2 | F6: ='Norms & Assumptions'!B33 -> 150 | H6: ='Norms & Assumptions'!B35 -> 0.18 | J6: =IF(G6="","",G6-F6) | K6: =IF(I6="","",I6-H6) | L6: =IF(OR(G6="",F6=0),"",G6/F6)
A7: 3 | F7: ='Norms & Assumptions'!B33 -> 150 | H7: ='Norms & Assumptions'!B35 -> 0.18 | J7: =IF(G7="","",G7-F7) | K7: =IF(I7="","",I7-H7) | L7: =IF(OR(G7="",F7=0),"",G7/F7)
A8: 4 | F8: ='Norms & Assumptions'!B33 -> 150 | H8: ='Norms & Assumptions'!B35 -> 0.18 | J8: =IF(G8="","",G8-F8) | K8: =IF(I8="","",I8-H8) | L8: =IF(OR(G8="",F8=0),"",G8/F8)
A9: 5 | F9: ='Norms & Assumptions'!B33 -> 150 | H9: ='Norms & Assumptions'!B35 -> 0.18 | J9: =IF(G9="","",G9-F9) | K9: =IF(I9="","",I9-H9) | L9: =IF(OR(G9="",F9=0),"",G9/F9)
A10: 6 | F10: ='Norms & Assumptions'!B33 -> 150 | H10: ='Norms & Assumptions'!B35 -> 0.18 | J10: =IF(G10="","",G10-F10) | K10: =IF(I10="","",I10-H10) | L10: =IF(OR(G10="",F10=0),"",G10/F10)
A11: 7 | F11: ='Norms & Assumptions'!B33 -> 150 | H11: ='Norms & Assumptions'!B35 -> 0.18 | J11: =IF(G11="","",G11-F11) | K11: =IF(I11="","",I11-H11) | L11: =IF(OR(G11="",F11=0),"",G11/F11)
A12: 8 | F12: ='Norms & Assumptions'!B33 -> 150 | H12: ='Norms & Assumptions'!B35 -> 0.18 | J12: =IF(G12="","",G12-F12) | K12: =IF(I12="","",I12-H12) | L12: =IF(OR(G12="",F12=0),"",G12/F12)
A13: 9 | F13: ='Norms & Assumptions'!B33 -> 150 | H13: ='Norms & Assumptions'!B35 -> 0.18 | J13: =IF(G13="","",G13-F13) | K13: =IF(I13="","",I13-H13) | L13: =IF(OR(G13="",F13=0),"",G13/F13)
A14: 10 | F14: ='Norms & Assumptions'!B33 -> 150 | H14: ='Norms & Assumptions'!B35 -> 0.18 | J14: =IF(G14="","",G14-F14) | K14: =IF(I14="","",I14-H14) | L14: =IF(OR(G14="",F14=0),"",G14/F14)
A15: 11 | F15: ='Norms & Assumptions'!B33 -> 150 | H15: ='Norms & Assumptions'!B35 -> 0.18 | J15: =IF(G15="","",G15-F15) | K15: =IF(I15="","",I15-H15) | L15: =IF(OR(G15="",F15=0),"",G15/F15)
A16: 12 | F16: ='Norms & Assumptions'!B33 -> 150 | H16: ='Norms & Assumptions'!B35 -> 0.18 | J16: =IF(G16="","",G16-F16) | K16: =IF(I16="","",I16-H16) | L16: =IF(OR(G16="",F16=0),"",G16/F16)
A17: 13 | F17: ='Norms & Assumptions'!B33 -> 150 | H17: ='Norms & Assumptions'!B35 -> 0.18 | J17: =IF(G17="","",G17-F17) | K17: =IF(I17="","",I17-H17) | L17: =IF(OR(G17="",F17=0),"",G17/F17)
A18: 14 | F18: ='Norms & Assumptions'!B33 -> 150 | H18: ='Norms & Assumptions'!B35 -> 0.18 | J18: =IF(G18="","",G18-F18) | K18: =IF(I18="","",I18-H18) | L18: =IF(OR(G18="",F18=0),"",G18/F18)
A19: 15 | F19: ='Norms & Assumptions'!B33 -> 150 | H19: ='Norms & Assumptions'!B35 -> 0.18 | J19: =IF(G19="","",G19-F19) | K19: =IF(I19="","",I19-H19) | L19: =IF(OR(G19="",F19=0),"",G19/F19)
A20: 16 | F20: ='Norms & Assumptions'!B33 -> 150 | H20: ='Norms & Assumptions'!B35 -> 0.18 | J20: =IF(G20="","",G20-F20) | K20: =IF(I20="","",I20-H20) | L20: =IF(OR(G20="",F20=0),"",G20/F20)
A21: 17 | F21: ='Norms & Assumptions'!B33 -> 150 | H21: ='Norms & Assumptions'!B35 -> 0.18 | J21: =IF(G21="","",G21-F21) | K21: =IF(I21="","",I21-H21) | L21: =IF(OR(G21="",F21=0),"",G21/F21)
A22: 18 | F22: ='Norms & Assumptions'!B33 -> 150 | H22: ='Norms & Assumptions'!B35 -> 0.18 | J22: =IF(G22="","",G22-F22) | K22: =IF(I22="","",I22-H22) | L22: =IF(OR(G22="",F22=0),"",G22/F22)
A23: 19 | F23: ='Norms & Assumptions'!B33 -> 150 | H23: ='Norms & Assumptions'!B35 -> 0.18 | J23: =IF(G23="","",G23-F23) | K23: =IF(I23="","",I23-H23) | L23: =IF(OR(G23="",F23=0),"",G23/F23)
A24: 20 | F24: ='Norms & Assumptions'!B33 -> 150 | H24: ='Norms & Assumptions'!B35 -> 0.18 | J24: =IF(G24="","",G24-F24) | K24: =IF(I24="","",I24-H24) | L24: =IF(OR(G24="",F24=0),"",G24/F24)
A25: 21 | F25: ='Norms & Assumptions'!B33 -> 150 | H25: ='Norms & Assumptions'!B35 -> 0.18 | J25: =IF(G25="","",G25-F25) | K25: =IF(I25="","",I25-H25) | L25: =IF(OR(G25="",F25=0),"",G25/F25)
A26: 22 | F26: ='Norms & Assumptions'!B33 -> 150 | H26: ='Norms & Assumptions'!B35 -> 0.18 | J26: =IF(G26="","",G26-F26) | K26: =IF(I26="","",I26-H26) | L26: =IF(OR(G26="",F26=0),"",G26/F26)
A27: 23 | F27: ='Norms & Assumptions'!B33 -> 150 | H27: ='Norms & Assumptions'!B35 -> 0.18 | J27: =IF(G27="","",G27-F27) | K27: =IF(I27="","",I27-H27) | L27: =IF(OR(G27="",F27=0),"",G27/F27)
A28: 24 | F28: ='Norms & Assumptions'!B33 -> 150 | H28: ='Norms & Assumptions'!B35 -> 0.18 | J28: =IF(G28="","",G28-F28) | K28: =IF(I28="","",I28-H28) | L28: =IF(OR(G28="",F28=0),"",G28/F28)
A29: 25 | F29: ='Norms & Assumptions'!B33 -> 150 | H29: ='Norms & Assumptions'!B35 -> 0.18 | J29: =IF(G29="","",G29-F29) | K29: =IF(I29="","",I29-H29) | L29: =IF(OR(G29="",F29=0),"",G29/F29)
A30: 26 | F30: ='Norms & Assumptions'!B33 -> 150 | H30: ='Norms & Assumptions'!B35 -> 0.18 | J30: =IF(G30="","",G30-F30) | K30: =IF(I30="","",I30-H30) | L30: =IF(OR(G30="",F30=0),"",G30/F30)
A31: 27 | F31: ='Norms & Assumptions'!B33 -> 150 | H31: ='Norms & Assumptions'!B35 -> 0.18 | J31: =IF(G31="","",G31-F31) | K31: =IF(I31="","",I31-H31) | L31: =IF(OR(G31="",F31=0),"",G31/F31)
A32: 28 | F32: ='Norms & Assumptions'!B33 -> 150 | H32: ='Norms & Assumptions'!B35 -> 0.18 | J32: =IF(G32="","",G32-F32) | K32: =IF(I32="","",I32-H32) | L32: =IF(OR(G32="",F32=0),"",G32/F32)
A33: 29 | F33: ='Norms & Assumptions'!B33 -> 150 | H33: ='Norms & Assumptions'!B35 -> 0.18 | J33: =IF(G33="","",G33-F33) | K33: =IF(I33="","",I33-H33) | L33: =IF(OR(G33="",F33=0),"",G33/F33)
A34: 30 | F34: ='Norms & Assumptions'!B33 -> 150 | H34: ='Norms & Assumptions'!B35 -> 0.18 | J34: =IF(G34="","",G34-F34) | K34: =IF(I34="","",I34-H34) | L34: =IF(OR(G34="",F34=0),"",G34/F34)
A35: 31 | F35: ='Norms & Assumptions'!B33 -> 150 | H35: ='Norms & Assumptions'!B35 -> 0.18 | J35: =IF(G35="","",G35-F35) | K35: =IF(I35="","",I35-H35) | L35: =IF(OR(G35="",F35=0),"",G35/F35)
A36: 32 | F36: ='Norms & Assumptions'!B33 -> 150 | H36: ='Norms & Assumptions'!B35 -> 0.18 | J36: =IF(G36="","",G36-F36) | K36: =IF(I36="","",I36-H36) | L36: =IF(OR(G36="",F36=0),"",G36/F36)
A37: 33 | F37: ='Norms & Assumptions'!B33 -> 150 | H37: ='Norms & Assumptions'!B35 -> 0.18 | J37: =IF(G37="","",G37-F37) | K37: =IF(I37="","",I37-H37) | L37: =IF(OR(G37="",F37=0),"",G37/F37)
A38: 34 | F38: ='Norms & Assumptions'!B33 -> 150 | H38: ='Norms & Assumptions'!B35 -> 0.18 | J38: =IF(G38="","",G38-F38) | K38: =IF(I38="","",I38-H38) | L38: =IF(OR(G38="",F38=0),"",G38/F38)
A39: 35 | F39: ='Norms & Assumptions'!B33 -> 150 | H39: ='Norms & Assumptions'!B35 -> 0.18 | J39: =IF(G39="","",G39-F39) | K39: =IF(I39="","",I39-H39) | L39: =IF(OR(G39="",F39=0),"",G39/F39)
A40: 36 | F40: ='Norms & Assumptions'!B33 -> 150 | H40: ='Norms & Assumptions'!B35 -> 0.18 | J40: =IF(G40="","",G40-F40) | K40: =IF(I40="","",I40-H40) | L40: =IF(OR(G40="",F40=0),"",G40/F40)
A41: 37 | F41: ='Norms & Assumptions'!B33 -> 150 | H41: ='Norms & Assumptions'!B35 -> 0.18 | J41: =IF(G41="","",G41-F41) | K41: =IF(I41="","",I41-H41) | L41: =IF(OR(G41="",F41=0),"",G41/F41)
A42: 38 | F42: ='Norms & Assumptions'!B33 -> 150 | H42: ='Norms & Assumptions'!B35 -> 0.18 | J42: =IF(G42="","",G42-F42) | K42: =IF(I42="","",I42-H42) | L42: =IF(OR(G42="",F42=0),"",G42/F42)
A43: 39 | F43: ='Norms & Assumptions'!B33 -> 150 | H43: ='Norms & Assumptions'!B35 -> 0.18 | J43: =IF(G43="","",G43-F43) | K43: =IF(I43="","",I43-H43) | L43: =IF(OR(G43="",F43=0),"",G43/F43)
A44: 40 | F44: ='Norms & Assumptions'!B33 -> 150 | H44: ='Norms & Assumptions'!B35 -> 0.18 | J44: =IF(G44="","",G44-F44) | K44: =IF(I44="","",I44-H44) | L44: =IF(OR(G44="",F44=0),"",G44/F44)
A45: 41 | F45: ='Norms & Assumptions'!B33 -> 150 | H45: ='Norms & Assumptions'!B35 -> 0.18 | J45: =IF(G45="","",G45-F45) | K45: =IF(I45="","",I45-H45) | L45: =IF(OR(G45="",F45=0),"",G45/F45)
A46: 42 | F46: ='Norms & Assumptions'!B33 -> 150 | H46: ='Norms & Assumptions'!B35 -> 0.18 | J46: =IF(G46="","",G46-F46) | K46: =IF(I46="","",I46-H46) | L46: =IF(OR(G46="",F46=0),"",G46/F46)
A47: 43 | F47: ='Norms & Assumptions'!B33 -> 150 | H47: ='Norms & Assumptions'!B35 -> 0.18 | J47: =IF(G47="","",G47-F47) | K47: =IF(I47="","",I47-H47) | L47: =IF(OR(G47="",F47=0),"",G47/F47)
A48: 44 | F48: ='Norms & Assumptions'!B33 -> 150 | H48: ='Norms & Assumptions'!B35 -> 0.18 | J48: =IF(G48="","",G48-F48) | K48: =IF(I48="","",I48-H48) | L48: =IF(OR(G48="",F48=0),"",G48/F48)
A49: 45 | F49: ='Norms & Assumptions'!B33 -> 150 | H49: ='Norms & Assumptions'!B35 -> 0.18 | J49: =IF(G49="","",G49-F49) | K49: =IF(I49="","",I49-H49) | L49: =IF(OR(G49="",F49=0),"",G49/F49)
A50: 46 | F50: ='Norms & Assumptions'!B33 -> 150 | H50: ='Norms & Assumptions'!B35 -> 0.18 | J50: =IF(G50="","",G50-F50) | K50: =IF(I50="","",I50-H50) | L50: =IF(OR(G50="",F50=0),"",G50/F50)
A51: 47 | F51: ='Norms & Assumptions'!B33 -> 150 | H51: ='Norms & Assumptions'!B35 -> 0.18 | J51: =IF(G51="","",G51-F51) | K51: =IF(I51="","",I51-H51) | L51: =IF(OR(G51="",F51=0),"",G51/F51)
A52: 48 | F52: ='Norms & Assumptions'!B33 -> 150 | H52: ='Norms & Assumptions'!B35 -> 0.18 | J52: =IF(G52="","",G52-F52) | K52: =IF(I52="","",I52-H52) | L52: =IF(OR(G52="",F52=0),"",G52/F52)
A53: 49 | F53: ='Norms & Assumptions'!B33 -> 150 | H53: ='Norms & Assumptions'!B35 -> 0.18 | J53: =IF(G53="","",G53-F53) | K53: =IF(I53="","",I53-H53) | L53: =IF(OR(G53="",F53=0),"",G53/F53)
A54: 50 | F54: ='Norms & Assumptions'!B33 -> 150 | H54: ='Norms & Assumptions'!B35 -> 0.18 | J54: =IF(G54="","",G54-F54) | K54: =IF(I54="","",I54-H54) | L54: =IF(OR(G54="",F54=0),"",G54/F54)
A55: 51 | F55: ='Norms & Assumptions'!B33 -> 150 | H55: ='Norms & Assumptions'!B35 -> 0.18 | J55: =IF(G55="","",G55-F55) | K55: =IF(I55="","",I55-H55) | L55: =IF(OR(G55="",F55=0),"",G55/F55)
A56: 52 | F56: ='Norms & Assumptions'!B33 -> 150 | H56: ='Norms & Assumptions'!B35 -> 0.18 | J56: =IF(G56="","",G56-F56) | K56: =IF(I56="","",I56-H56) | L56: =IF(OR(G56="",F56=0),"",G56/F56)
A57: 53 | F57: ='Norms & Assumptions'!B33 -> 150 | H57: ='Norms & Assumptions'!B35 -> 0.18 | J57: =IF(G57="","",G57-F57) | K57: =IF(I57="","",I57-H57) | L57: =IF(OR(G57="",F57=0),"",G57/F57)
A58: 54 | F58: ='Norms & Assumptions'!B33 -> 150 | H58: ='Norms & Assumptions'!B35 -> 0.18 | J58: =IF(G58="","",G58-F58) | K58: =IF(I58="","",I58-H58) | L58: =IF(OR(G58="",F58=0),"",G58/F58)
A59: 55 | F59: ='Norms & Assumptions'!B33 -> 150 | H59: ='Norms & Assumptions'!B35 -> 0.18 | J59: =IF(G59="","",G59-F59) | K59: =IF(I59="","",I59-H59) | L59: =IF(OR(G59="",F59=0),"",G59/F59)
A60: 56 | F60: ='Norms & Assumptions'!B33 -> 150 | H60: ='Norms & Assumptions'!B35 -> 0.18 | J60: =IF(G60="","",G60-F60) | K60: =IF(I60="","",I60-H60) | L60: =IF(OR(G60="",F60=0),"",G60/F60)
A61: 57 | F61: ='Norms & Assumptions'!B33 -> 150 | H61: ='Norms & Assumptions'!B35 -> 0.18 | J61: =IF(G61="","",G61-F61) | K61: =IF(I61="","",I61-H61) | L61: =IF(OR(G61="",F61=0),"",G61/F61)
A62: 58 | F62: ='Norms & Assumptions'!B33 -> 150 | H62: ='Norms & Assumptions'!B35 -> 0.18 | J62: =IF(G62="","",G62-F62) | K62: =IF(I62="","",I62-H62) | L62: =IF(OR(G62="",F62=0),"",G62/F62)
A63: 59 | F63: ='Norms & Assumptions'!B33 -> 150 | H63: ='Norms & Assumptions'!B35 -> 0.18 | J63: =IF(G63="","",G63-F63) | K63: =IF(I63="","",I63-H63) | L63: =IF(OR(G63="",F63=0),"",G63/F63)
A64: 60 | F64: ='Norms & Assumptions'!B33 -> 150 | H64: ='Norms & Assumptions'!B35 -> 0.18 | J64: =IF(G64="","",G64-F64) | K64: =IF(I64="","",I64-H64) | L64: =IF(OR(G64="",F64=0),"",G64/F64)
A65: 61 | F65: ='Norms & Assumptions'!B33 -> 150 | H65: ='Norms & Assumptions'!B35 -> 0.18 | J65: =IF(G65="","",G65-F65) | K65: =IF(I65="","",I65-H65) | L65: =IF(OR(G65="",F65=0),"",G65/F65)
A66: 62 | F66: ='Norms & Assumptions'!B33 -> 150 | H66: ='Norms & Assumptions'!B35 -> 0.18 | J66: =IF(G66="","",G66-F66) | K66: =IF(I66="","",I66-H66) | L66: =IF(OR(G66="",F66=0),"",G66/F66)
A67: 63 | F67: ='Norms & Assumptions'!B33 -> 150 | H67: ='Norms & Assumptions'!B35 -> 0.18 | J67: =IF(G67="","",G67-F67) | K67: =IF(I67="","",I67-H67) | L67: =IF(OR(G67="",F67=0),"",G67/F67)
A68: 64 | F68: ='Norms & Assumptions'!B33 -> 150 | H68: ='Norms & Assumptions'!B35 -> 0.18 | J68: =IF(G68="","",G68-F68) | K68: =IF(I68="","",I68-H68) | L68: =IF(OR(G68="",F68=0),"",G68/F68)
A69: 65 | F69: ='Norms & Assumptions'!B33 -> 150 | H69: ='Norms & Assumptions'!B35 -> 0.18 | J69: =IF(G69="","",G69-F69) | K69: =IF(I69="","",I69-H69) | L69: =IF(OR(G69="",F69=0),"",G69/F69)
A70: 66 | F70: ='Norms & Assumptions'!B33 -> 150 | H70: ='Norms & Assumptions'!B35 -> 0.18 | J70: =IF(G70="","",G70-F70) | K70: =IF(I70="","",I70-H70) | L70: =IF(OR(G70="",F70=0),"",G70/F70)
A71: 67 | F71: ='Norms & Assumptions'!B33 -> 150 | H71: ='Norms & Assumptions'!B35 -> 0.18 | J71: =IF(G71="","",G71-F71) | K71: =IF(I71="","",I71-H71) | L71: =IF(OR(G71="",F71=0),"",G71/F71)
A72: 68 | F72: ='Norms & Assumptions'!B33 -> 150 | H72: ='Norms & Assumptions'!B35 -> 0.18 | J72: =IF(G72="","",G72-F72) | K72: =IF(I72="","",I72-H72) | L72: =IF(OR(G72="",F72=0),"",G72/F72)
A73: 69 | F73: ='Norms & Assumptions'!B33 -> 150 | H73: ='Norms & Assumptions'!B35 -> 0.18 | J73: =IF(G73="","",G73-F73) | K73: =IF(I73="","",I73-H73) | L73: =IF(OR(G73="",F73=0),"",G73/F73)
A74: 70 | F74: ='Norms & Assumptions'!B33 -> 150 | H74: ='Norms & Assumptions'!B35 -> 0.18 | J74: =IF(G74="","",G74-F74) | K74: =IF(I74="","",I74-H74) | L74: =IF(OR(G74="",F74=0),"",G74/F74)
A75: 71 | F75: ='Norms & Assumptions'!B33 -> 150 | H75: ='Norms & Assumptions'!B35 -> 0.18 | J75: =IF(G75="","",G75-F75) | K75: =IF(I75="","",I75-H75) | L75: =IF(OR(G75="",F75=0),"",G75/F75)
A76: 72 | F76: ='Norms & Assumptions'!B33 -> 150 | H76: ='Norms & Assumptions'!B35 -> 0.18 | J76: =IF(G76="","",G76-F76) | K76: =IF(I76="","",I76-H76) | L76: =IF(OR(G76="",F76=0),"",G76/F76)
A77: 73 | F77: ='Norms & Assumptions'!B33 -> 150 | H77: ='Norms & Assumptions'!B35 -> 0.18 | J77: =IF(G77="","",G77-F77) | K77: =IF(I77="","",I77-H77) | L77: =IF(OR(G77="",F77=0),"",G77/F77)
A78: 74 | F78: ='Norms & Assumptions'!B33 -> 150 | H78: ='Norms & Assumptions'!B35 -> 0.18 | J78: =IF(G78="","",G78-F78) | K78: =IF(I78="","",I78-H78) | L78: =IF(OR(G78="",F78=0),"",G78/F78)
A79: 75 | F79: ='Norms & Assumptions'!B33 -> 150 | H79: ='Norms & Assumptions'!B35 -> 0.18 | J79: =IF(G79="","",G79-F79) | K79: =IF(I79="","",I79-H79) | L79: =IF(OR(G79="",F79=0),"",G79/F79)
A80: 76 | F80: ='Norms & Assumptions'!B33 -> 150 | H80: ='Norms & Assumptions'!B35 -> 0.18 | J80: =IF(G80="","",G80-F80) | K80: =IF(I80="","",I80-H80) | L80: =IF(OR(G80="",F80=0),"",G80/F80)
A81: 77 | F81: ='Norms & Assumptions'!B33 -> 150 | H81: ='Norms & Assumptions'!B35 -> 0.18 | J81: =IF(G81="","",G81-F81) | K81: =IF(I81="","",I81-H81) | L81: =IF(OR(G81="",F81=0),"",G81/F81)
A82: 78 | F82: ='Norms & Assumptions'!B33 -> 150 | H82: ='Norms & Assumptions'!B35 -> 0.18 | J82: =IF(G82="","",G82-F82) | K82: =IF(I82="","",I82-H82) | L82: =IF(OR(G82="",F82=0),"",G82/F82)
A83: 79 | F83: ='Norms & Assumptions'!B33 -> 150 | H83: ='Norms & Assumptions'!B35 -> 0.18 | J83: =IF(G83="","",G83-F83) | K83: =IF(I83="","",I83-H83) | L83: =IF(OR(G83="",F83=0),"",G83/F83)
A84: 80 | F84: ='Norms & Assumptions'!B33 -> 150 | H84: ='Norms & Assumptions'!B35 -> 0.18 | J84: =IF(G84="","",G84-F84) | K84: =IF(I84="","",I84-H84) | L84: =IF(OR(G84="",F84=0),"",G84/F84)
A85: 81 | F85: ='Norms & Assumptions'!B33 -> 150 | H85: ='Norms & Assumptions'!B35 -> 0.18 | J85: =IF(G85="","",G85-F85) | K85: =IF(I85="","",I85-H85) | L85: =IF(OR(G85="",F85=0),"",G85/F85)
A86: 82 | F86: ='Norms & Assumptions'!B33 -> 150 | H86: ='Norms & Assumptions'!B35 -> 0.18 | J86: =IF(G86="","",G86-F86) | K86: =IF(I86="","",I86-H86) | L86: =IF(OR(G86="",F86=0),"",G86/F86)
A87: 83 | F87: ='Norms & Assumptions'!B33 -> 150 | H87: ='Norms & Assumptions'!B35 -> 0.18 | J87: =IF(G87="","",G87-F87) | K87: =IF(I87="","",I87-H87) | L87: =IF(OR(G87="",F87=0),"",G87/F87)
A88: 84 | F88: ='Norms & Assumptions'!B33 -> 150 | H88: ='Norms & Assumptions'!B35 -> 0.18 | J88: =IF(G88="","",G88-F88) | K88: =IF(I88="","",I88-H88) | L88: =IF(OR(G88="",F88=0),"",G88/F88)
A89: 85 | F89: ='Norms & Assumptions'!B33 -> 150 | H89: ='Norms & Assumptions'!B35 -> 0.18 | J89: =IF(G89="","",G89-F89) | K89: =IF(I89="","",I89-H89) | L89: =IF(OR(G89="",F89=0),"",G89/F89)
A90: 86 | F90: ='Norms & Assumptions'!B33 -> 150 | H90: ='Norms & Assumptions'!B35 -> 0.18 | J90: =IF(G90="","",G90-F90) | K90: =IF(I90="","",I90-H90) | L90: =IF(OR(G90="",F90=0),"",G90/F90)
A91: 87 | F91: ='Norms & Assumptions'!B33 -> 150 | H91: ='Norms & Assumptions'!B35 -> 0.18 | J91: =IF(G91="","",G91-F91) | K91: =IF(I91="","",I91-H91) | L91: =IF(OR(G91="",F91=0),"",G91/F91)
A92: 88 | F92: ='Norms & Assumptions'!B33 -> 150 | H92: ='Norms & Assumptions'!B35 -> 0.18 | J92: =IF(G92="","",G92-F92) | K92: =IF(I92="","",I92-H92) | L92: =IF(OR(G92="",F92=0),"",G92/F92)
A93: 89 | F93: ='Norms & Assumptions'!B33 -> 150 | H93: ='Norms & Assumptions'!B35 -> 0.18 | J93: =IF(G93="","",G93-F93) | K93: =IF(I93="","",I93-H93) | L93: =IF(OR(G93="",F93=0),"",G93/F93)
A94: 90 | F94: ='Norms & Assumptions'!B33 -> 150 | H94: ='Norms & Assumptions'!B35 -> 0.18 | J94: =IF(G94="","",G94-F94) | K94: =IF(I94="","",I94-H94) | L94: =IF(OR(G94="",F94=0),"",G94/F94)
A95: 91 | F95: ='Norms & Assumptions'!B33 -> 150 | H95: ='Norms & Assumptions'!B35 -> 0.18 | J95: =IF(G95="","",G95-F95) | K95: =IF(I95="","",I95-H95) | L95: =IF(OR(G95="",F95=0),"",G95/F95)
A96: 92 | F96: ='Norms & Assumptions'!B33 -> 150 | H96: ='Norms & Assumptions'!B35 -> 0.18 | J96: =IF(G96="","",G96-F96) | K96: =IF(I96="","",I96-H96) | L96: =IF(OR(G96="",F96=0),"",G96/F96)
A97: 93 | F97: ='Norms & Assumptions'!B33 -> 150 | H97: ='Norms & Assumptions'!B35 -> 0.18 | J97: =IF(G97="","",G97-F97) | K97: =IF(I97="","",I97-H97) | L97: =IF(OR(G97="",F97=0),"",G97/F97)
A98: 94 | F98: ='Norms & Assumptions'!B33 -> 150 | H98: ='Norms & Assumptions'!B35 -> 0.18 | J98: =IF(G98="","",G98-F98) | K98: =IF(I98="","",I98-H98) | L98: =IF(OR(G98="",F98=0),"",G98/F98)
A99: 95 | F99: ='Norms & Assumptions'!B33 -> 150 | H99: ='Norms & Assumptions'!B35 -> 0.18 | J99: =IF(G99="","",G99-F99) | K99: =IF(I99="","",I99-H99) | L99: =IF(OR(G99="",F99=0),"",G99/F99)
A100: 96 | F100: ='Norms & Assumptions'!B33 -> 150 | H100: ='Norms & Assumptions'!B35 -> 0.18 | J100: =IF(G100="","",G100-F100) | K100: =IF(I100="","",I100-H100) | L100: =IF(OR(G100="",F100=0),"",G100/F100)
A101: 97 | F101: ='Norms & Assumptions'!B33 -> 150 | H101: ='Norms & Assumptions'!B35 -> 0.18 | J101: =IF(G101="","",G101-F101) | K101: =IF(I101="","",I101-H101) | L101: =IF(OR(G101="",F101=0),"",G101/F101)
...

Sheet Consumables Tracker
A1: CONSUMABLES DAILY TRACKER – ACTUAL vs TARGET USAGE
A2: Operators working auto-adjusts: 2 ops before 08 Apr | 4 ops from 08 Apr onwards
A4: # | B4: Date | C4: Consumable Item | D4: Unit | E4: Target/Op/Day | F4: Operators Working | G4: Total Target /Day | H4: Actual Issued | I4: Variance | J4: Notes
A5: 1 | C5: Fuel mix (2-stroke 50:1) | D5: litres | E5: ='Norms & Assumptions'!B43 -> 2.5 | F5: =IF(B5="",2,IF(B5>=DATE(2026,4,8),4,2)) -> 2 | G5: =E5*F5 -> 5 | I5: =IF(H5="","",H5-G5)
A6: 2 | B6: =B5 -> 0 | C6: Bar & chain oil | D6: litres | E6: ='Norms & Assumptions'!B44 -> 1.2 | F6: =IF(B5="",2,IF(B5>=DATE(2026,4,8),4,2)) -> 2 | G6: =E6*F6 -> 2.4 | I6: =IF(H6="","",H6-G6)
A7: 3 | B7: =B5 -> 0 | C7: Saw chains | D7: chains | E7: ='Norms & Assumptions'!B45 -> 0.5 | F7: =IF(B5="",2,IF(B5>=DATE(2026,4,8),4,2)) -> 2 | G7: =E7*F7 -> 1 | I7: =IF(H7="","",H7-G7)
A8: 4 | B8: =B5 -> 0 | C8: Guide bar | D8: bars | E8: ='Norms & Assumptions'!B46 -> 0.05 | F8: =IF(B5="",2,IF(B5>=DATE(2026,4,8),4,2)) -> 2 | G8: =E8*F8 -> 0.1 | I8: =IF(H8="","",H8-G8)
A9: 5 | B9: =B5 -> 0 | C9: Gloves (pairs) | D9: pairs | E9: ='Norms & Assumptions'!B47 -> 0.2 | F9: =IF(B5="",2,IF(B5>=DATE(2026,4,8),4,2)) -> 2 | G9: =E9*F9 -> 0.4 | I9: =IF(H9="","",H9-G9)
A10: 6 | B10: =B5 -> 0 | C10: Round file (4mm) | D10: files | E10: ='Norms & Assumptions'!B48 -> 0.2 | F10: =IF(B5="",2,IF(B5>=DATE(2026,4,8),4,2)) -> 2 | G10: =E10*F10 -> 0.4 | I10: =IF(H10="","",H10-G10)
A11: 7 | B11: =B5 -> 0 | C11: Spark plug | D11: plugs | E11: ='Norms & Assumptions'!B49 -> 0.05 | F11: =IF(B5="",2,IF(B5>=DATE(2026,4,8),4,2)) -> 2 | G11: =E11*F11 -> 0.1 | I11: =IF(H11="","",H11-G11)
A12: 8 | B12: =B5 -> 0 | C12: Air filter | D12: filters | E12: ='Norms & Assumptions'!B50 -> 0.033 | F12: =IF(B5="",2,IF(B5>=DATE(2026,4,8),4,2)) -> 2 | G12: =E12*F12 -> 0.066 | I12: =IF(H12="","",H12-G12)
A13: 9 | C13: Fuel mix (2-stroke 50:1) | D13: litres | E13: ='Norms & Assumptions'!B43 -> 2.5 | F13: =IF(B13="",2,IF(B13>=DATE(2026,4,8),4,2)) -> 2 | G13: =E13*F13 -> 5 | I13: =IF(H13="","",H13-G13)
A14: 10 | B14: =B13 -> 0 | C14: Bar & chain oil | D14: litres | E14: ='Norms & Assumptions'!B44 -> 1.2 | F14: =IF(B13="",2,IF(B13>=DATE(2026,4,8),4,2)) -> 2 | G14: =E14*F14 -> 2.4 | I14: =IF(H14="","",H14-G14)
A15: 11 | B15: =B13 -> 0 | C15: Saw chains | D15: chains | E15: ='Norms & Assumptions'!B45 -> 0.5 | F15: =IF(B13="",2,IF(B13>=DATE(2026,4,8),4,2)) -> 2 | G15: =E15*F15 -> 1 | I15: =IF(H15="","",H15-G15)
A16: 12 | B16: =B13 -> 0 | C16: Guide bar | D16: bars | E16: ='Norms & Assumptions'!B46 -> 0.05 | F16: =IF(B13="",2,IF(B13>=DATE(2026,4,8),4,2)) -> 2 | G16: =E16*F16 -> 0.1 | I16: =IF(H16="","",H16-G16)
A17: 13 | B17: =B13 -> 0 | C17: Gloves (pairs) | D17: pairs | E17: ='Norms & Assumptions'!B47 -> 0.2 | F17: =IF(B13="",2,IF(B13>=DATE(2026,4,8),4,2)) -> 2 | G17: =E17*F17 -> 0.4 | I17: =IF(H17="","",H17-G17)
A18: 14 | B18: =B13 -> 0 | C18: Round file (4mm) | D18: files | E18: ='Norms & Assumptions'!B48 -> 0.2 | F18: =IF(B13="",2,IF(B13>=DATE(2026,4,8),4,2)) -> 2 | G18: =E18*F18 -> 0.4 | I18: =IF(H18="","",H18-G18)
A19: 15 | B19: =B13 -> 0 | C19: Spark plug | D19: plugs | E19: ='Norms & Assumptions'!B49 -> 0.05 | F19: =IF(B13="",2,IF(B13>=DATE(2026,4,8),4,2)) -> 2 | G19: =E19*F19 -> 0.1 | I19: =IF(H19="","",H19-G19)
A20: 16 | B20: =B13 -> 0 | C20: Air filter | D20: filters | E20: ='Norms & Assumptions'!B50 -> 0.033 | F20: =IF(B13="",2,IF(B13>=DATE(2026,4,8),4,2)) -> 2 | G20: =E20*F20 -> 0.066 | I20: =IF(H20="","",H20-G20)
A21: 17 | C21: Fuel mix (2-stroke 50:1) | D21: litres | E21: ='Norms & Assumptions'!B43 -> 2.5 | F21: =IF(B21="",2,IF(B21>=DATE(2026,4,8),4,2)) -> 2 | G21: =E21*F21 -> 5 | I21: =IF(H21="","",H21-G21)
A22: 18 | B22: =B21 -> 0 | C22: Bar & chain oil | D22: litres | E22: ='Norms & Assumptions'!B44 -> 1.2 | F22: =IF(B21="",2,IF(B21>=DATE(2026,4,8),4,2)) -> 2 | G22: =E22*F22 -> 2.4 | I22: =IF(H22="","",H22-G22)
A23: 19 | B23: =B21 -> 0 | C23: Saw chains | D23: chains | E23: ='Norms & Assumptions'!B45 -> 0.5 | F23: =IF(B21="",2,IF(B21>=DATE(2026,4,8),4,2)) -> 2 | G23: =E23*F23 -> 1 | I23: =IF(H23="","",H23-G23)
A24: 20 | B24: =B21 -> 0 | C24: Guide bar | D24: bars | E24: ='Norms & Assumptions'!B46 -> 0.05 | F24: =IF(B21="",2,IF(B21>=DATE(2026,4,8),4,2)) -> 2 | G24: =E24*F24 -> 0.1 | I24: =IF(H24="","",H24-G24)
A25: 21 | B25: =B21 -> 0 | C25: Gloves (pairs) | D25: pairs | E25: ='Norms & Assumptions'!B47 -> 0.2 | F25: =IF(B21="",2,IF(B21>=DATE(2026,4,8),4,2)) -> 2 | G25: =E25*F25 -> 0.4 | I25: =IF(H25="","",H25-G25)
A26: 22 | B26: =B21 -> 0 | C26: Round file (4mm) | D26: files | E26: ='Norms & Assumptions'!B48 -> 0.2 | F26: =IF(B21="",2,IF(B21>=DATE(2026,4,8),4,2)) -> 2 | G26: =E26*F26 -> 0.4 | I26: =IF(H26="","",H26-G26)
A27: 23 | B27: =B21 -> 0 | C27: Spark plug | D27: plugs | E27: ='Norms & Assumptions'!B49 -> 0.05 | F27: =IF(B21="",2,IF(B21>=DATE(2026,4,8),4,2)) -> 2 | G27: =E27*F27 -> 0.1 | I27: =IF(H27="","",H27-G27)
A28: 24 | B28: =B21 -> 0 | C28: Air filter | D28: filters | E28: ='Norms & Assumptions'!B50 -> 0.033 | F28: =IF(B21="",2,IF(B21>=DATE(2026,4,8),4,2)) -> 2 | G28: =E28*F28 -> 0.066 | I28: =IF(H28="","",H28-G28)
A29: 25 | C29: Fuel mix (2-stroke 50:1) | D29: litres | E29: ='Norms & Assumptions'!B43 -> 2.5 | F29: =IF(B29="",2,IF(B29>=DATE(2026,4,8),4,2)) -> 2 | G29: =E29*F29 -> 5 | I29: =IF(H29="","",H29-G29)
A30: 26 | B30: =B29 -> 0 | C30: Bar & chain oil | D30: litres | E30: ='Norms & Assumptions'!B44 -> 1.2 | F30: =IF(B29="",2,IF(B29>=DATE(2026,4,8),4,2)) -> 2 | G30: =E30*F30 -> 2.4 | I30: =IF(H30="","",H30-G30)
A31: 27 | B31: =B29 -> 0 | C31: Saw chains | D31: chains | E31: ='Norms & Assumptions'!B45 -> 0.5 | F31: =IF(B29="",2,IF(B29>=DATE(2026,4,8),4,2)) -> 2 | G31: =E31*F31 -> 1 | I31: =IF(H31="","",H31-G31)
A32: 28 | B32: =B29 -> 0 | C32: Guide bar | D32: bars | E32: ='Norms & Assumptions'!B46 -> 0.05 | F32: =IF(B29="",2,IF(B29>=DATE(2026,4,8),4,2)) -> 2 | G32: =E32*F32 -> 0.1 | I32: =IF(H32="","",H32-G32)
A33: 29 | B33: =B29 -> 0 | C33: Gloves (pairs) | D33: pairs | E33: ='Norms & Assumptions'!B47 -> 0.2 | F33: =IF(B29="",2,IF(B29>=DATE(2026,4,8),4,2)) -> 2 | G33: =E33*F33 -> 0.4 | I33: =IF(H33="","",H33-G33)
A34: 30 | B34: =B29 -> 0 | C34: Round file (4mm) | D34: files | E34: ='Norms & Assumptions'!B48 -> 0.2 | F34: =IF(B29="",2,IF(B29>=DATE(2026,4,8),4,2)) -> 2 | G34: =E34*F34 -> 0.4 | I34: =IF(H34="","",H34-G34)
A35: 31 | B35: =B29 -> 0 | C35: Spark plug | D35: plugs | E35: ='Norms & Assumptions'!B49 -> 0.05 | F35: =IF(B29="",2,IF(B29>=DATE(2026,4,8),4,2)) -> 2 | G35: =E35*F35 -> 0.1 | I35: =IF(H35="","",H35-G35)
A36: 32 | B36: =B29 -> 0 | C36: Air filter | D36: filters | E36: ='Norms & Assumptions'!B50 -> 0.033 | F36: =IF(B29="",2,IF(B29>=DATE(2026,4,8),4,2)) -> 2 | G36: =E36*F36 -> 0.066 | I36: =IF(H36="","",H36-G36)
A37: 33 | C37: Fuel mix (2-stroke 50:1) | D37: litres | E37: ='Norms & Assumptions'!B43 -> 2.5 | F37: =IF(B37="",2,IF(B37>=DATE(2026,4,8),4,2)) -> 2 | G37: =E37*F37 -> 5 | I37: =IF(H37="","",H37-G37)
A38: 34 | B38: =B37 -> 0 | C38: Bar & chain oil | D38: litres | E38: ='Norms & Assumptions'!B44 -> 1.2 | F38: =IF(B37="",2,IF(B37>=DATE(2026,4,8),4,2)) -> 2 | G38: =E38*F38 -> 2.4 | I38: =IF(H38="","",H38-G38)
A39: 35 | B39: =B37 -> 0 | C39: Saw chains | D39: chains | E39: ='Norms & Assumptions'!B45 -> 0.5 | F39: =IF(B37="",2,IF(B37>=DATE(2026,4,8),4,2)) -> 2 | G39: =E39*F39 -> 1 | I39: =IF(H39="","",H39-G39)
A40: 36 | B40: =B37 -> 0 | C40: Guide bar | D40: bars | E40: ='Norms & Assumptions'!B46 -> 0.05 | F40: =IF(B37="",2,IF(B37>=DATE(2026,4,8),4,2)) -> 2 | G40: =E40*F40 -> 0.1 | I40: =IF(H40="","",H40-G40)
A41: 37 | B41: =B37 -> 0 | C41: Gloves (pairs) | D41: pairs | E41: ='Norms & Assumptions'!B47 -> 0.2 | F41: =IF(B37="",2,IF(B37>=DATE(2026,4,8),4,2)) -> 2 | G41: =E41*F41 -> 0.4 | I41: =IF(H41="","",H41-G41)
A42: 38 | B42: =B37 -> 0 | C42: Round file (4mm) | D42: files | E42: ='Norms & Assumptions'!B48 -> 0.2 | F42: =IF(B37="",2,IF(B37>=DATE(2026,4,8),4,2)) -> 2 | G42: =E42*F42 -> 0.4 | I42: =IF(H42="","",H42-G42)
A43: 39 | B43: =B37 -> 0 | C43: Spark plug | D43: plugs | E43: ='Norms & Assumptions'!B49 -> 0.05 | F43: =IF(B37="",2,IF(B37>=DATE(2026,4,8),4,2)) -> 2 | G43: =E43*F43 -> 0.1 | I43: =IF(H43="","",H43-G43)
A44: 40 | B44: =B37 -> 0 | C44: Air filter | D44: filters | E44: ='Norms & Assumptions'!B50 -> 0.033 | F44: =IF(B37="",2,IF(B37>=DATE(2026,4,8),4,2)) -> 2 | G44: =E44*F44 -> 0.066 | I44: =IF(H44="","",H44-G44)
A45: 41 | C45: Fuel mix (2-stroke 50:1) | D45: litres | E45: ='Norms & Assumptions'!B43 -> 2.5 | F45: =IF(B45="",2,IF(B45>=DATE(2026,4,8),4,2)) -> 2 | G45: =E45*F45 -> 5 | I45: =IF(H45="","",H45-G45)
A46: 42 | B46: =B45 -> 0 | C46: Bar & chain oil | D46: litres | E46: ='Norms & Assumptions'!B44 -> 1.2 | F46: =IF(B45="",2,IF(B45>=DATE(2026,4,8),4,2)) -> 2 | G46: =E46*F46 -> 2.4 | I46: =IF(H46="","",H46-G46)
A47: 43 | B47: =B45 -> 0 | C47: Saw chains | D47: chains | E47: ='Norms & Assumptions'!B45 -> 0.5 | F47: =IF(B45="",2,IF(B45>=DATE(2026,4,8),4,2)) -> 2 | G47: =E47*F47 -> 1 | I47: =IF(H47="","",H47-G47)
A48: 44 | B48: =B45 -> 0 | C48: Guide bar | D48: bars | E48: ='Norms & Assumptions'!B46 -> 0.05 | F48: =IF(B45="",2,IF(B45>=DATE(2026,4,8),4,2)) -> 2 | G48: =E48*F48 -> 0.1 | I48: =IF(H48="","",H48-G48)
A49: 45 | B49: =B45 -> 0 | C49: Gloves (pairs) | D49: pairs | E49: ='Norms & Assumptions'!B47 -> 0.2 | F49: =IF(B45="",2,IF(B45>=DATE(2026,4,8),4,2)) -> 2 | G49: =E49*F49 -> 0.4 | I49: =IF(H49="","",H49-G49)
A50: 46 | B50: =B45 -> 0 | C50: Round file (4mm) | D50: files | E50: ='Norms & Assumptions'!B48 -> 0.2 | F50: =IF(B45="",2,IF(B45>=DATE(2026,4,8),4,2)) -> 2 | G50: =E50*F50 -> 0.4 | I50: =IF(H50="","",H50-G50)
A51: 47 | B51: =B45 -> 0 | C51: Spark plug | D51: plugs | E51: ='Norms & Assumptions'!B49 -> 0.05 | F51: =IF(B45="",2,IF(B45>=DATE(2026,4,8),4,2)) -> 2 | G51: =E51*F51 -> 0.1 | I51: =IF(H51="","",H51-G51)
A52: 48 | B52: =B45 -> 0 | C52: Air filter | D52: filters | E52: ='Norms & Assumptions'!B50 -> 0.033 | F52: =IF(B45="",2,IF(B45>=DATE(2026,4,8),4,2)) -> 2 | G52: =E52*F52 -> 0.066 | I52: =IF(H52="","",H52-G52)
A53: 49 | C53: Fuel mix (2-stroke 50:1) | D53: litres | E53: ='Norms & Assumptions'!B43 -> 2.5 | F53: =IF(B53="",2,IF(B53>=DATE(2026,4,8),4,2)) -> 2 | G53: =E53*F53 -> 5 | I53: =IF(H53="","",H53-G53)
A54: 50 | B54: =B53 -> 0 | C54: Bar & chain oil | D54: litres | E54: ='Norms & Assumptions'!B44 -> 1.2 | F54: =IF(B53="",2,IF(B53>=DATE(2026,4,8),4,2)) -> 2 | G54: =E54*F54 -> 2.4 | I54: =IF(H54="","",H54-G54)
A55: 51 | B55: =B53 -> 0 | C55: Saw chains | D55: chains | E55: ='Norms & Assumptions'!B45 -> 0.5 | F55: =IF(B53="",2,IF(B53>=DATE(2026,4,8),4,2)) -> 2 | G55: =E55*F55 -> 1 | I55: =IF(H55="","",H55-G55)
A56: 52 | B56: =B53 -> 0 | C56: Guide bar | D56: bars | E56: ='Norms & Assumptions'!B46 -> 0.05 | F56: =IF(B53="",2,IF(B53>=DATE(2026,4,8),4,2)) -> 2 | G56: =E56*F56 -> 0.1 | I56: =IF(H56="","",H56-G56)
A57: 53 | B57: =B53 -> 0 | C57: Gloves (pairs) | D57: pairs | E57: ='Norms & Assumptions'!B47 -> 0.2 | F57: =IF(B53="",2,IF(B53>=DATE(2026,4,8),4,2)) -> 2 | G57: =E57*F57 -> 0.4 | I57: =IF(H57="","",H57-G57)
A58: 54 | B58: =B53 -> 0 | C58: Round file (4mm) | D58: files | E58: ='Norms & Assumptions'!B48 -> 0.2 | F58: =IF(B53="",2,IF(B53>=DATE(2026,4,8),4,2)) -> 2 | G58: =E58*F58 -> 0.4 | I58: =IF(H58="","",H58-G58)
A59: 55 | B59: =B53 -> 0 | C59: Spark plug | D59: plugs | E59: ='Norms & Assumptions'!B49 -> 0.05 | F59: =IF(B53="",2,IF(B53>=DATE(2026,4,8),4,2)) -> 2 | G59: =E59*F59 -> 0.1 | I59: =IF(H59="","",H59-G59)
A60: 56 | B60: =B53 -> 0 | C60: Air filter | D60: filters | E60: ='Norms & Assumptions'!B50 -> 0.033 | F60: =IF(B53="",2,IF(B53>=DATE(2026,4,8),4,2)) -> 2 | G60: =E60*F60 -> 0.066 | I60: =IF(H60="","",H60-G60)
A61: 57 | C61: Fuel mix (2-stroke 50:1) | D61: litres | E61: ='Norms & Assumptions'!B43 -> 2.5 | F61: =IF(B61="",2,IF(B61>=DATE(2026,4,8),4,2)) -> 2 | G61: =E61*F61 -> 5 | I61: =IF(H61="","",H61-G61)
A62: 58 | B62: =B61 -> 0 | C62: Bar & chain oil | D62: litres | E62: ='Norms & Assumptions'!B44 -> 1.2 | F62: =IF(B61="",2,IF(B61>=DATE(2026,4,8),4,2)) -> 2 | G62: =E62*F62 -> 2.4 | I62: =IF(H62="","",H62-G62)
A63: 59 | B63: =B61 -> 0 | C63: Saw chains | D63: chains | E63: ='Norms & Assumptions'!B45 -> 0.5 | F63: =IF(B61="",2,IF(B61>=DATE(2026,4,8),4,2)) -> 2 | G63: =E63*F63 -> 1 | I63: =IF(H63="","",H63-G63)
A64: 60 | B64: =B61 -> 0 | C64: Guide bar | D64: bars | E64: ='Norms & Assumptions'!B46 -> 0.05 | F64: =IF(B61="",2,IF(B61>=DATE(2026,4,8),4,2)) -> 2 | G64: =E64*F64 -> 0.1 | I64: =IF(H64="","",H64-G64)
A65: 61 | B65: =B61 -> 0 | C65: Gloves (pairs) | D65: pairs | E65: ='Norms & Assumptions'!B47 -> 0.2 | F65: =IF(B61="",2,IF(B61>=DATE(2026,4,8),4,2)) -> 2 | G65: =E65*F65 -> 0.4 | I65: =IF(H65="","",H65-G65)
A66: 62 | B66: =B61 -> 0 | C66: Round file (4mm) | D66: files | E66: ='Norms & Assumptions'!B48 -> 0.2 | F66: =IF(B61="",2,IF(B61>=DATE(2026,4,8),4,2)) -> 2 | G66: =E66*F66 -> 0.4 | I66: =IF(H66="","",H66-G66)
A67: 63 | B67: =B61 -> 0 | C67: Spark plug | D67: plugs | E67: ='Norms & Assumptions'!B49 -> 0.05 | F67: =IF(B61="",2,IF(B61>=DATE(2026,4,8),4,2)) -> 2 | G67: =E67*F67 -> 0.1 | I67: =IF(H67="","",H67-G67)
A68: 64 | B68: =B61 -> 0 | C68: Air filter | D68: filters | E68: ='Norms & Assumptions'!B50 -> 0.033 | F68: =IF(B61="",2,IF(B61>=DATE(2026,4,8),4,2)) -> 2 | G68: =E68*F68 -> 0.066 | I68: =IF(H68="","",H68-G68)
A69: 65 | C69: Fuel mix (2-stroke 50:1) | D69: litres | E69: ='Norms & Assumptions'!B43 -> 2.5 | F69: =IF(B69="",2,IF(B69>=DATE(2026,4,8),4,2)) -> 2 | G69: =E69*F69 -> 5 | I69: =IF(H69="","",H69-G69)
A70: 66 | B70: =B69 -> 0 | C70: Bar & chain oil | D70: litres | E70: ='Norms & Assumptions'!B44 -> 1.2 | F70: =IF(B69="",2,IF(B69>=DATE(2026,4,8),4,2)) -> 2 | G70: =E70*F70 -> 2.4 | I70: =IF(H70="","",H70-G70)
A71: 67 | B71: =B69 -> 0 | C71: Saw chains | D71: chains | E71: ='Norms & Assumptions'!B45 -> 0.5 | F71: =IF(B69="",2,IF(B69>=DATE(2026,4,8),4,2)) -> 2 | G71: =E71*F71 -> 1 | I71: =IF(H71="","",H71-G71)
A72: 68 | B72: =B69 -> 0 | C72: Guide bar | D72: bars | E72: ='Norms & Assumptions'!B46 -> 0.05 | F72: =IF(B69="",2,IF(B69>=DATE(2026,4,8),4,2)) -> 2 | G72: =E72*F72 -> 0.1 | I72: =IF(H72="","",H72-G72)
A73: 69 | B73: =B69 -> 0 | C73: Gloves (pairs) | D73: pairs | E73: ='Norms & Assumptions'!B47 -> 0.2 | F73: =IF(B69="",2,IF(B69>=DATE(2026,4,8),4,2)) -> 2 | G73: =E73*F73 -> 0.4 | I73: =IF(H73="","",H73-G73)
A74: 70 | B74: =B69 -> 0 | C74: Round file (4mm) | D74: files | E74: ='Norms & Assumptions'!B48 -> 0.2 | F74: =IF(B69="",2,IF(B69>=DATE(2026,4,8),4,2)) -> 2 | G74: =E74*F74 -> 0.4 | I74: =IF(H74="","",H74-G74)
A75: 71 | B75: =B69 -> 0 | C75: Spark plug | D75: plugs | E75: ='Norms & Assumptions'!B49 -> 0.05 | F75: =IF(B69="",2,IF(B69>=DATE(2026,4,8),4,2)) -> 2 | G75: =E75*F75 -> 0.1 | I75: =IF(H75="","",H75-G75)
A76: 72 | B76: =B69 -> 0 | C76: Air filter | D76: filters | E76: ='Norms & Assumptions'!B50 -> 0.033 | F76: =IF(B69="",2,IF(B69>=DATE(2026,4,8),4,2)) -> 2 | G76: =E76*F76 -> 0.066 | I76: =IF(H76="","",H76-G76)
A77: 73 | C77: Fuel mix (2-stroke 50:1) | D77: litres | E77: ='Norms & Assumptions'!B43 -> 2.5 | F77: =IF(B77="",2,IF(B77>=DATE(2026,4,8),4,2)) -> 2 | G77: =E77*F77 -> 5 | I77: =IF(H77="","",H77-G77)
A78: 74 | B78: =B77 -> 0 | C78: Bar & chain oil | D78: litres | E78: ='Norms & Assumptions'!B44 -> 1.2 | F78: =IF(B77="",2,IF(B77>=DATE(2026,4,8),4,2)) -> 2 | G78: =E78*F78 -> 2.4 | I78: =IF(H78="","",H78-G78)
A79: 75 | B79: =B77 -> 0 | C79: Saw chains | D79: chains | E79: ='Norms & Assumptions'!B45 -> 0.5 | F79: =IF(B77="",2,IF(B77>=DATE(2026,4,8),4,2)) -> 2 | G79: =E79*F79 -> 1 | I79: =IF(H79="","",H79-G79)
A80: 76 | B80: =B77 -> 0 | C80: Guide bar | D80: bars | E80: ='Norms & Assumptions'!B46 -> 0.05 | F80: =IF(B77="",2,IF(B77>=DATE(2026,4,8),4,2)) -> 2 | G80: =E80*F80 -> 0.1 | I80: =IF(H80="","",H80-G80)
A81: 77 | B81: =B77 -> 0 | C81: Gloves (pairs) | D81: pairs | E81: ='Norms & Assumptions'!B47 -> 0.2 | F81: =IF(B77="",2,IF(B77>=DATE(2026,4,8),4,2)) -> 2 | G81: =E81*F81 -> 0.4 | I81: =IF(H81="","",H81-G81)
A82: 78 | B82: =B77 -> 0 | C82: Round file (4mm) | D82: files | E82: ='Norms & Assumptions'!B48 -> 0.2 | F82: =IF(B77="",2,IF(B77>=DATE(2026,4,8),4,2)) -> 2 | G82: =E82*F82 -> 0.4 | I82: =IF(H82="","",H82-G82)
A83: 79 | B83: =B77 -> 0 | C83: Spark plug | D83: plugs | E83: ='Norms & Assumptions'!B49 -> 0.05 | F83: =IF(B77="",2,IF(B77>=DATE(2026,4,8),4,2)) -> 2 | G83: =E83*F83 -> 0.1 | I83: =IF(H83="","",H83-G83)
A84: 80 | B84: =B77 -> 0 | C84: Air filter | D84: filters | E84: ='Norms & Assumptions'!B50 -> 0.033 | F84: =IF(B77="",2,IF(B77>=DATE(2026,4,8),4,2)) -> 2 | G84: =E84*F84 -> 0.066 | I84: =IF(H84="","",H84-G84)
A85: 81 | C85: Fuel mix (2-stroke 50:1) | D85: litres | E85: ='Norms & Assumptions'!B43 -> 2.5 | F85: =IF(B85="",2,IF(B85>=DATE(2026,4,8),4,2)) -> 2 | G85: =E85*F85 -> 5 | I85: =IF(H85="","",H85-G85)
A86: 82 | B86: =B85 -> 0 | C86: Bar & chain oil | D86: litres | E86: ='Norms & Assumptions'!B44 -> 1.2 | F86: =IF(B85="",2,IF(B85>=DATE(2026,4,8),4,2)) -> 2 | G86: =E86*F86 -> 2.4 | I86: =IF(H86="","",H86-G86)
A87: 83 | B87: =B85 -> 0 | C87: Saw chains | D87: chains | E87: ='Norms & Assumptions'!B45 -> 0.5 | F87: =IF(B85="",2,IF(B85>=DATE(2026,4,8),4,2)) -> 2 | G87: =E87*F87 -> 1 | I87: =IF(H87="","",H87-G87)
A88: 84 | B88: =B85 -> 0 | C88: Guide bar | D88: bars | E88: ='Norms & Assumptions'!B46 -> 0.05 | F88: =IF(B85="",2,IF(B85>=DATE(2026,4,8),4,2)) -> 2 | G88: =E88*F88 -> 0.1 | I88: =IF(H88="","",H88-G88)
A89: 85 | B89: =B85 -> 0 | C89: Gloves (pairs) | D89: pairs | E89: ='Norms & Assumptions'!B47 -> 0.2 | F89: =IF(B85="",2,IF(B85>=DATE(2026,4,8),4,2)) -> 2 | G89: =E89*F89 -> 0.4 | I89: =IF(H89="","",H89-G89)
A90: 86 | B90: =B85 -> 0 | C90: Round file (4mm) | D90: files | E90: ='Norms & Assumptions'!B48 -> 0.2 | F90: =IF(B85="",2,IF(B85>=DATE(2026,4,8),4,2)) -> 2 | G90: =E90*F90 -> 0.4 | I90: =IF(H90="","",H90-G90)
A91: 87 | B91: =B85 -> 0 | C91: Spark plug | D91: plugs | E91: ='Norms & Assumptions'!B49 -> 0.05 | F91: =IF(B85="",2,IF(B85>=DATE(2026,4,8),4,2)) -> 2 | G91: =E91*F91 -> 0.1 | I91: =IF(H91="","",H91-G91)
A92: 88 | B92: =B85 -> 0 | C92: Air filter | D92: filters | E92: ='Norms & Assumptions'!B50 -> 0.033 | F92: =IF(B85="",2,IF(B85>=DATE(2026,4,8),4,2)) -> 2 | G92: =E92*F92 -> 0.066 | I92: =IF(H92="","",H92-G92)
A93: 89 | C93: Fuel mix (2-stroke 50:1) | D93: litres | E93: ='Norms & Assumptions'!B43 -> 2.5 | F93: =IF(B93="",2,IF(B93>=DATE(2026,4,8),4,2)) -> 2 | G93: =E93*F93 -> 5 | I93: =IF(H93="","",H93-G93)
A94: 90 | B94: =B93 -> 0 | C94: Bar & chain oil | D94: litres | E94: ='Norms & Assumptions'!B44 -> 1.2 | F94: =IF(B93="",2,IF(B93>=DATE(2026,4,8),4,2)) -> 2 | G94: =E94*F94 -> 2.4 | I94: =IF(H94="","",H94-G94)
A95: 91 | B95: =B93 -> 0 | C95: Saw chains | D95: chains | E95: ='Norms & Assumptions'!B45 -> 0.5 | F95: =IF(B93="",2,IF(B93>=DATE(2026,4,8),4,2)) -> 2 | G95: =E95*F95 -> 1 | I95: =IF(H95="","",H95-G95)
A96: 92 | B96: =B93 -> 0 | C96: Guide bar | D96: bars | E96: ='Norms & Assumptions'!B46 -> 0.05 | F96: =IF(B93="",2,IF(B93>=DATE(2026,4,8),4,2)) -> 2 | G96: =E96*F96 -> 0.1 | I96: =IF(H96="","",H96-G96)
A97: 93 | B97: =B93 -> 0 | C97: Gloves (pairs) | D97: pairs | E97: ='Norms & Assumptions'!B47 -> 0.2 | F97: =IF(B93="",2,IF(B93>=DATE(2026,4,8),4,2)) -> 2 | G97: =E97*F97 -> 0.4 | I97: =IF(H97="","",H97-G97)
A98: 94 | B98: =B93 -> 0 | C98: Round file (4mm) | D98: files | E98: ='Norms & Assumptions'!B48 -> 0.2 | F98: =IF(B93="",2,IF(B93>=DATE(2026,4,8),4,2)) -> 2 | G98: =E98*F98 -> 0.4 | I98: =IF(H98="","",H98-G98)
A99: 95 | B99: =B93 -> 0 | C99: Spark plug | D99: plugs | E99: ='Norms & Assumptions'!B49 -> 0.05 | F99: =IF(B93="",2,IF(B93>=DATE(2026,4,8),4,2)) -> 2 | G99: =E99*F99 -> 0.1 | I99: =IF(H99="","",H99-G99)
A100: 96 | B100: =B93 -> 0 | C100: Air filter | D100: filters | E100: ='Norms & Assumptions'!B50 -> 0.033 | F100: =IF(B93="",2,IF(B93>=DATE(2026,4,8),4,2)) -> 2 | G100: =E100*F100 -> 0.066 | I100: =IF(H100="","",H100-G100)
A101: 97 | C101: Fuel mix (2-stroke 50:1) | D101: litres | E101: ='Norms & Assumptions'!B43 -> 2.5 | F101: =IF(B101="",2,IF(B101>=DATE(2026,4,8),4,2)) -> 2 | G101: =E101*F101 -> 5 | I101: =IF(H101="","",H101-G101)
...

Sheet Performance Dashboard
A1: PERFORMANCE DASHBOARD – PROJECT SUMMARY
A2: Auto-calculated from Project Schedule & Operator Log | Start: 30 Mar 2026
A4: PROJECT INFORMATION
A5: Project Start Date | B5: 30 March 2026
A6: Phase 1 (2 operators) | B6: 30 Mar – 07 Apr 2026 | C6: Mon–Fri 07:00–15:30
A7: Phase 2 (4 operators) | B7: 08 Apr 2026 onwards | C7: Mon–Fri 07:00–15:30
A8: Shift Hours | B8: 07:00 – 15:30 | C8: 8.5 hrs gross | 6.5 hrs effective cutting
A9: Equipment | B9: Stihl MS 382 | C9: One saw per operator (SA OHS)
A10: SA Holidays in project | B10: 10 | C10: Days with zero production
A12: PRODUCTION KPIs (from Project Schedule)
A13: KPI | B13: Target | C13: Actual | D13: Variance | E13: Status
A14: Total Trees – Target (Project) | B14: =SUMIF('Project Schedule'!E5:E220,">0",'Project Schedule'!F5:F220) -> 87900 | C14: =SUM('Project Schedule'!H5:H220) -> 0 | D14: =C14-B14 -> -87900 | E14: =IF(C14>=B14,"✅ ON TARGET","⚠ BELOW TARGET") -> ⚠ BELOW TARGET
A15: Total Volume m³ – Target | B15: =SUMIF('Project Schedule'!E5:E220,">0",'Project Schedule'!G5:G220) -> 105.48 | C15: =SUM('Project Schedule'!I5:I220) -> 0 | D15: =C15-B15 -> -105.48 | E15: =IF(C15>=B15,"✅ ON TARGET","⚠ BELOW TARGET") -> ⚠ BELOW TARGET
A16: Overall Achievement % | B16: 100% | C16: =IFERROR(SUM('Project Schedule'!H5:H220)/SUMIF('Project Schedule'!E5:E220,">0",'Project Schedule'!F5:F220),0) -> 0 | D16: =C16-B16 -> -1 | E16: =IF(C16>=B16,"✅ ON TARGET","⚠ BELOW TARGET") -> ⚠ BELOW TARGET
A17: Working Days – Phase 1 (2 ops) | B17: 5 | C17: → Enter actuals | D17: — | E17: —
A18: Working Days – Phase 2 (4 ops) | B18: See Project Schedule | C18: → Enter actuals | D18: — | E18: —
A19: Phase 1 Cumulative Target Trees | B19: 1500 | C19: → Enter actuals | D19: — | E19: —
A20: Phase 1 Cumulative Target m³ | B20: 525.0 | C20: → Enter actuals | D20: — | E20: —
A23: PHASE PRODUCTION SUMMARY
A24: Phase | B24: Period | C24: Operators | D24: Working Days | E24: Trees Target
A25: Phase 1 | B25: 30 Mar – 07 Apr 2026 | C25: 2 | D25: 5 | E25: 1500
A26: Phase 2 | B26: 08 Apr 2026 onwards | C26: 4 | D26: See Schedule | E26: Per schedule
A28: HOW TO USE THIS WORKBOOK
A29: 1. NORMS & ASSUMPTIONS: Review SA norms, SA holiday list, and project schedule dates.
A30: 2. PROJECT SCHEDULE: This is your master calendar. Enter actual trees felled & m³ per working day (blue cells).
A31: 3. COMPARTMENT TARGETS: Enter exact hectares for blocks A–D. Adjust trees/ha per stand inventory.
A32: 4. OPERATOR DAILY LOG: Log individual operator performance (one row per person per day).
A33: 5. CONSUMABLES TRACKER: Enter daily consumables issued. Operators auto-adjust by date phase.
A34: 6. PERFORMANCE DASHBOARD: Summarises everything – review weekly for corrective actions.
